date,성수동,팝업스토어,할인,weekday,weekday_ko,month,성수동_ma7,성수동_pct_change,팝업스토어_ma7,팝업스토어_pct_change,할인_ma7,할인_pct_change
2025-08-25,16.3328,13.19554,2.17276,0,월,8,16.3328,,13.19554,,2.17276,
2025-08-26,17.51987,11.31955,2.16216,1,화,8,16.926335,7.268012833072124,12.257545,-14.216849026261901,2.16746,-0.4878587602864415
2025-08-27,18.1134,11.71171,1.96078,2,수,8,17.322023333333334,3.3877534479422433,12.0756,3.4644486750798453,2.0985666666666667,-9.313834313834324
2025-08-28,17.96502,12.42183,2.15156,3,목,8,17.4827725,-0.819172546291691,12.1621575,6.063333193871778,2.111815,9.729801405563098
2025-08-29,18.44197,14.10704,2.10916,4,금,8,17.674612,2.6548815420188943,12.551134,13.566519586888571,2.111284,-1.970663146740026
2025-08-30,18.06041,15.91944,1.27186,5,토,8,17.738911666666667,-2.0689763620697854,13.112518333333334,12.847486077873182,1.97138,-39.69826850499726
2025-08-31,16.95813,13.81028,1.34605,6,일,8,17.62737142857143,-6.103294443481633,13.212198571428571,-13.2489585060781,1.8820471428571428,5.833189187489185
2025-09-01,18.98251,16.75675,2.20455,0,월,9,18.005901428571427,11.93751905428253,13.720942857142859,21.335338602837872,1.8865885714285713,63.77920582444929
2025-09-02,17.55166,13.89507,2.39533,1,화,9,18.010442857142856,-7.537728150808309,14.088874285714285,-17.077774628134932,1.9198985714285715,8.653920301195273
2025-09-03,19.78802,13.68309,2.11976,2,수,9,18.249674285714285,12.741586835661135,14.370500000000002,-1.525577057186478,1.94261,-11.504469112815352
2025-09-04,21.89719,13.17435,2.23635,3,목,9,18.81141285714286,10.658822863530549,14.478002857142858,-3.7180198332394165,1.954722857142857,5.500150960486083
2025-09-05,23.47641,13.71489,1.88659,4,금,9,19.530618571428572,7.211975600522269,14.42198142857143,4.102972822188566,1.9229271428571426,-15.639770161200161
2025-09-06,23.6036,14.41441,1.49443,5,토,9,20.322502857142858,0.5417778953425989,14.206977142857141,5.100441928444188,1.954722857142857,-20.786710414027432
2025-09-07,21.17647,13.15315,1.44144,6,일,9,20.92512285714286,-10.282880577539022,14.11310142857143,-8.74999392968564,1.9683499999999998,-3.5458335285024956
2025-09-08,21.52623,12.09326,2.40593,0,월,9,21.28851142857143,1.6516444903234673,13.446888571428573,-8.058069739948214,1.9971185714285713,66.91156066156066
2025-09-09,19.67143,12.55961,2.15156,1,화,9,21.591335714285716,-8.616464657304135,13.256108571428571,3.856280275128454,1.9622942857142855,-10.572626801278517
2025-09-10,20.21197,12.30524,2.39533,2,수,9,21.651900000000005,2.7478429377020275,13.059272857142856,-2.0253017410572394,2.0016614285714285,11.329918756623103
2025-09-11,20.80551,11.25596,2.38473,3,목,9,21.495945714285714,2.9365766919305702,12.78521714285714,-8.527099024480622,2.0228585714285714,-0.44252775191727656
2025-09-12,19.77742,13.13195,2.38473,4,금,9,20.96751857142857,-4.941431380437211,12.701939999999999,16.66663705272584,2.0940214285714283,0.0
2025-09-13,20.19077,13.41812,1.33545,5,토,9,20.479971428571428,2.0900097181533406,12.559612857142856,2.1791889247217755,2.07131,-43.99994967983797
2025-09-14,20.75251,12.91997,1.51563,6,일,9,20.419405714285716,2.7821623444772126,12.526301428571427,-3.712517103737345,2.0819085714285714,13.492081320903072
2025-09-15,21.10227,11.02278,2.23635,0,월,9,20.358840000000004,1.6853864905979954,12.373375714285714,-14.684167223298505,2.057682857142857,47.552502919577975
2025-09-16,20.12718,9.84631,2.14096,1,화,9,20.42394714285714,-4.620782503493704,11.985761428571427,-10.673078842179539,2.056168571428571,-4.26543251279986
2025-09-17,19.21568,11.04398,2.08797,2,수,9,20.28162,-4.528701984083217,11.80558142857143,12.163643029723815,2.01226,-2.4750579179433685
2025-09-18,19.0461,11.23476,2.04557,3,목,9,20.030275714285715,-0.8825084514313297,11.802552857142857,1.7274569493968661,1.9638085714285716,-2.0306805174403753
2025-09-19,20.67832,11.17117,1.99258,4,금,9,20.158975714285713,8.569838444615963,11.522441428571428,-0.566011200951333,1.9077871428571431,-2.590476004243325
2025-09-20,21.34605,11.91308,1.32485,5,토,9,20.324015714285714,3.2291307997941887,11.307435714285715,6.641291825296736,1.9062728571428573,-33.5108251613486
2025-09-21,19.20508,10.71542,1.32485,6,일,9,20.102954285714283,-10.029818163079362,10.992500000000001,-10.05331954456783,1.8790185714285712,0.0
2025-09-22,19.73502,9.85691,1.97138,0,월,9,19.907632857142858,2.7593740822740687,10.825947142857144,-8.011911805603521,1.841165714285714,48.80024153677773
2025-09-23,18.75993,9.17859,1.85479,1,화,9,19.71231142857143,-4.940912145009213,10.730558571428572,-6.881669813359348,1.8002842857142856,-5.914131217725648
2025-09-24,17.43508,9.009,1.95018,2,수,9,19.45794,-7.062126564438143,10.439847142857143,-1.8476694132758875,1.7806,5.142900274424611
2025-09-25,19.80922,9.77212,2.02437,3,목,9,19.566957142857145,13.617029574857131,10.23089857142857,8.470640470640456,1.7775714285714286,3.804264221764142
2025-09-26,20.28616,9.41176,1.83359,4,금,9,19.510934285714285,2.407666732965752,9.979554285714286,-3.68763379901188,1.7548585714285712,-9.424166530821921
2025-09-27,19.57604,10.31266,1.36724,5,토,9,19.258075714285717,-3.50051463657981,9.750922857142857,9.572067286033636,1.7609142857142857,-25.43371200759167
2025-09-28,15.70747,9.46475,1.26126,6,일,9,18.758417142857144,-19.76175978389908,9.572255714285713,-8.222030009716196,1.75183,-7.751382346917879
2025-09-29,18.44197,9.63434,1.7276,0,월,9,18.573695714285716,17.40891435730898,9.54046,1.791806439684085,1.7170042857142858,36.97413697413696
2025-09-30,17.08532,9.29517,1.88659,1,화,9,18.334465714285717,-7.35631822413767,9.557114285714286,-3.520427969118789,1.721547142857143,9.202940495485068
2025-10-01,18.99311,9.87811,2.15156,2,수,10,18.55704142857143,11.16625266603144,9.681272857142858,6.271429140080276,1.7503157142857142,14.044917019596204
2025-10-02,19.23688,10.66242,1.7594,3,목,10,18.475278571428568,1.2834654250936106,9.808458571428572,7.939879187415411,1.712462857142857,-18.226774991169194
2025-10-03,24.25013,11.64811,1.36724,4,금,10,19.04156,26.060618977713634,10.12793714285714,9.244524226207584,1.6458414285714285,-22.289416846652266
2025-10-04,24.38791,9.84631,1.24006,5,토,10,19.72897,0.5681619026372431,10.061315714285714,-15.468603919434143,1.6276728571428571,-9.30195137649572
2025-10-05,28.78643,8.86062,1.01748,6,일,10,21.597392857142857,18.03565783209795,9.97501142857143,-10.010755298177687,1.5928471428571427,-17.949131493637406
2025-10-06,24.72708,9.34817,1.04928,0,월,10,22.495265714285715,-14.101609682062,9.93413,5.502436624073703,1.4959442857142857,3.1253685576129397
2025-10-07,29.63434,11.47853,1.24006,1,화,10,24.287982857142858,19.845691444359794,10.24603857142857,22.789059249029474,1.403582857142857,18.181991460811208
2025-10-08,34.29782,13.15315,1.11287,2,수,10,26.47437,15.736743251241636,10.713901428571429,14.589150352876201,1.2551985714285714,-10.256761769591783
2025-10-09,25.83995,11.42554,1.57922,3,목,10,27.41766571428571,-24.660080436599173,10.822918571428572,-13.134572326781036,1.2294585714285715,41.90516412518983
2025-10-10,19.54425,10.8214,1.92898,4,금,10,26.745397142857144,-24.364211231058885,10.704817142857141,-5.287627543205831,1.3097071428571427,22.14764250706043
2025-10-11,19.80922,10.93799,1.55802,5,토,10,26.091298571428574,1.355744016782423,10.860771428571427,1.0774021845602055,1.3551300000000002,-19.23088886354446
2025-10-12,18.68574,8.72284,1.63222,6,일,10,24.64834285714286,-5.6715004427231435,10.841088571428571,-20.251892715206353,1.44295,4.7624549107200265
2025-10-13,17.76364,9.83571,2.06677,0,월,10,23.653565714285715,-4.934779141741242,10.910737142857144,12.758115476152266,1.5883057142857144,26.623249316881292
2025-10-14,18.1028,9.70853,1.7594,1,화,10,22.006202857142856,1.9092933655489475,10.65788,-1.2930434101859567,1.662497142857143,-14.871998335567094
2025-10-15,19.57604,10.8214,1.93958,2,수,10,19.90309142857143,8.138188567514426,10.324772857142857,11.462806418685423,1.7805985714285715,10.24099124701603
2025-10-16,18.83412,10.20667,1.90779,3,목,10,18.902258571428572,-3.7899391296707607,10.150648571428572,-5.680688265843603,1.8275371428571427,-1.6390146320337418
2025-10-17,19.25808,10.28086,1.98198,4,금,10,18.861377142857144,2.2510210192990154,10.07342857142857,0.7268776202228544,1.8351085714285715,3.8887927916594567
2025-10-18,20.16958,16.52358,1.43084,5,토,10,18.912857142857142,4.733078271561864,10.87137,60.72176841237016,1.81694,-27.80754598936418
2025-10-19,17.89083,10.94859,1.27186,6,일,10,18.799298571428572,-11.297954642585506,11.189334285714285,-33.73960122443199,1.7654600000000003,-11.110955802186117
2025-10-20,17.74244,9.9735,2.02437,0,월,10,18.796269999999996,-0.8294193170467978,11.209018571428572,-8.906078316933963,1.7594028571428573,59.16610318745772
2025-10-21,17.73184,9.61314,2.16216,1,화,10,18.743275714285716,-0.05974375565029888,11.195391428571428,-3.6131749135208335,1.81694,6.806562041524056
2025-10-22,17.95442,9.9205,1.92898,2,수,10,18.511615714285714,1.2552560817151504,11.066691428571428,3.197290375465256,1.8154257142857144,-10.784585784585786
2025-10-23,21.67461,9.51775,1.82299,3,목,10,18.917399999999997,20.720190348671807,10.968274285714285,-4.059775212942906,1.8033114285714285,-5.494613733683074
2025-10-24,21.56862,9.75092,1.66401,4,금,10,19.247477142857143,-0.4890053385043669,10.892568571428571,2.4498437130624495,1.757887142857143,-8.720837744584454
2025-10-25,22.09856,10.24907,1.51563,5,토,10,19.52304571428571,2.456995394234762,9.99621,5.108748712941957,1.77,-8.917013719869471
2025-10-26,18.90832,9.19978,1.30365,6,일,10,19.66840142857143,-14.436415766457177,9.74638,-10.237904512311847,1.7745414285714285,-13.986263138100997
2025-10-27,18.88712,8.1717,2.19395,0,월,10,19.831927142857143,-0.11211995565972854,9.48898,-11.17504983814831,1.798767142857143,68.29287001879341
2025-10-28,21.55802,8.99841,2.29994,1,화,10,20.37852428571429,14.141383122466532,9.40116142857143,10.116744373875708,1.8184500000000001,4.8310125572597284
2025-10-29,20.8479,9.39056,2.93587,2,수,10,20.791878571428573,-3.2939945319653607,9.325455714285713,4.357992134165944,1.9622914285714284,27.649851735262665
2025-10-30,20.24377,10.03709,2.48012,3,목,10,20.58747285714286,-2.8977978597364618,9.399647142857145,6.884892913734619,2.056167142857143,-15.523507512253609
2025-10-31,22.22575,9.28457,2.34234,4,금,10,20.681348571428572,9.790567666002925,9.333025714285712,-7.497392172432438,2.1530714285714283,-5.555376352757113
2025-11-01,24.18653,10.27027,1.87599,5,토,11,20.979630000000004,8.822109490118436,9.336054285714285,10.616539053504903,2.2045514285714285,-19.909577601885296
2025-11-02,20.94329,10.62003,1.64281,6,일,11,21.27034,-13.409281943296536,9.538947142857142,3.4055579843567774,2.253002857142857,-12.4297037830692
2025-11-03,27.44038,10.38685,2.55431,0,월,11,22.49223428571429,31.022298788776737,9.855397142857143,-2.195662347469818,2.3044828571428573,55.48420085098093
2025-11-04,19.44886,10.12188,2.40593,1,화,11,22.19092571428572,-29.123211850564758,10.015892857142857,-2.5510140225381117,2.3196242857142857,-5.80900517165105
2025-11-05,19.83041,9.56014,2.32114,2,수,11,22.04557,1.9618116434587884,10.040118571428573,-5.54975953083815,2.231805714285714,-3.5242089337594984
2025-11-06,21.8124,9.9735,1.98198,3,목,11,22.26966,9.994700059151572,10.031034285714286,4.323786053342316,2.1606428571428573,-14.611785588116188
2025-11-07,21.7488,10.57763,2.15156,4,금,11,22.20152428571428,-0.2915772679760176,10.215757142857143,6.0573519827543,2.1333885714285716,8.556090374272184
2025-11-08,22.36354,10.75781,1.42024,5,토,11,21.94109714285714,2.8265467520047105,10.285405714285714,1.7034061505271092,2.068281428571429,-33.99022104891335
2025-11-09,21.61102,10.53524,1.51563,6,일,11,22.03648714285714,-3.3649413286089835,10.273292857142858,-2.068915513473457,2.050112857142857,6.716470455697632
2025-11-10,20.45574,8.98781,2.29994,0,월,11,21.03868142857143,-5.345791175057912,10.07343,-14.68813240135014,2.0137742857142853,51.74811794435317
2025-11-11,19.10969,9.56014,2.49072,1,화,11,20.99022857142857,-6.580304599100295,9.993181428571429,6.3678471173734374,2.025887142857143,8.294998999973924
2025-11-12,18.90832,8.50026,2.25755,2,수,11,20.85850142857143,-1.0537585905370572,9.84177,-11.086448524812397,2.0168028571428573,-9.361550073874215
2025-11-13,19.42766,9.48595,2.24695,3,목,11,20.517824285714287,2.746621593034182,9.772120000000001,11.59599824005384,2.0546557142857145,-0.46953555845939965
2025-11-14,23.84737,11.08638,1.98198,4,금,11,20.81762,22.74957457563085,9.844798571428571,16.871583763355268,2.03043,-11.792429738089405
2025-11-15,30.16428,12.94117,1.62162,5,토,11,21.93201142857143,26.48891680717831,10.156707142857144,16.730348409489835,2.0591985714285714,-18.181818181818176
2025-11-16,24.06995,11.17117,1.53683,6,일,11,22.283287142857144,-20.2037973391044,10.247554285714285,-13.677279565912503,2.062227142857143,-5.228721895388566
2025-11-17,21.14467,10.01589,1.8018,0,월,11,22.381705714285715,-12.15324502128171,10.394422857142859,-10.341620439040843,1.991064285714286,17.24133443516851
2025-11-18,19.42766,10.50344,2.07737,1,화,11,22.427130000000002,-8.12029698264386,10.52918,4.867765121222356,1.932014285714286,15.294150294150288
2025-11-19,18.48436,9.47535,2.04557,2,수,11,22.366564285714286,-4.855448365886583,10.66847857142857,-9.788126556632859,1.9017314285714286,-1.5307817095654652
2025-11-20,19.53365,9.49655,1.66401,3,목,11,22.381705714285715,5.676636897355403,10.669992857142857,0.2237384371025719,1.8184542857142856,-18.65299158669711
2025-11-21,21.43084,10.34446,2.02437,4,금,11,22.03648714285714,9.712419337911737,10.564004285714287,8.928610916596025,1.82451,21.65611985504894
2025-11-22,22.58611,10.09009,1.44144,5,토,11,20.95389142857143,5.390689305692176,10.156707142857144,-2.4589973763734396,1.79877,-28.795625305650642
2025-11-23,20.8373,10.67302,1.27186,6,일,11,20.492084285714288,-7.742856118207175,10.085542857142856,5.777252730154037,1.7609171428571426,-11.764624264624269
2025-11-24,20.9009,10.04769,1.90779,0,월,11,20.457259999999998,0.30522188575294873,10.090085714285715,-5.858978995635722,1.7760585714285713,50.0
2025-11-25,20.13778,10.14308,1.77,1,화,11,20.558705714285715,-3.651134640135112,10.038605714285714,0.9493724428201844,1.7321485714285711,-7.222493041686984
2025-11-26,19.17329,8.99841,1.84419,2,수,11,20.657124285714286,-4.789455441463741,9.970471428571427,-11.285230916053113,1.70338,4.1915254237288035
2025-11-27,18.92951,9.85691,2.05617,3,목,11,20.57081857142857,-1.2714562811077301,10.021951428571427,9.540574390364508,1.7594028571428573,11.494477250174873
2025-11-28,19.57604,9.9099,1.77,4,금,11,20.305847142857143,3.4154608333760272,9.959871428571429,0.5375924097917206,1.7230642857142857,-13.917623542800438
2025-11-29,22.62851,11.35135,1.62162,5,토,11,20.311904285714288,15.592888040686482,10.140051428571429,14.545555454646353,1.7488042857142858,-8.383050847457628
2025-11-30,20.41335,10.34446,1.48383,6,일,11,20.25134,-9.789243746053089,10.093114285714284,-8.870222484550293,1.7790857142857146,-8.497058497058497
2025-12-01,20.60413,12.28404,2.09856,0,월,12,20.208944285714285,0.9345844753555932,10.412592857142856,18.749939581186446,1.8063385714285716,41.42860031135642
2025-12-02,17.83783,10.72602,2.11976,1,화,12,19.880380000000002,-13.42594906943414,10.49587,-12.683286606035137,1.8563042857142855,1.0102165294296972
2025-12-03,17.46687,9.54954,1.96078,2,수,12,19.636605714285714,-2.0796251561989387,10.574602857142859,-10.968467334575172,1.8729599999999997,-7.499905649696192
2025-12-04,17.82723,8.89242,1.64281,3,목,12,19.479137142857144,2.063105753921568,10.436818571428573,-6.881169145320099,1.8139085714285714,-16.216505676312476
2025-12-05,17.71065,9.89931,1.96078,4,금,12,19.21265285714286,-0.6539434337246908,10.435305714285715,11.323014432516686,1.841162857142857,19.355251063726175
2025-12-06,19.41706,10.46104,1.54742,5,토,12,18.753874285714286,9.634937170572488,10.30811857142857,5.67443589502703,1.8305628571428572,-21.081406379094037
2025-12-07,18.25119,10.39745,1.30365,6,일,12,18.444994285714284,-6.004359053327324,10.315688571428572,-0.6078745516698292,1.804822857142857,-15.753318426800744
2025-12-08,19.39586,10.30206,1.7382,0,월,12,18.272384285714285,6.271755430741766,10.032548571428572,-0.9174364868308915,1.7533428571428573,33.33333333333333
2025-12-09,21.30365,9.43296,1.89719,1,화,12,18.76750142857143,9.836068109380047,9.847825714285715,-8.436176842301457,1.721547142857143,9.146818547923141
2025-12-10,19.58664,9.28457,1.66401,2,수,12,19.070325714285712,-8.059698690130567,9.809972857142856,-1.573101126263643,1.6791514285714286,-12.290809038630812
2025-12-11,21.56862,9.59194,1.85479,3,목,12,19.604810000000004,10.119040325446328,9.909904285714285,3.310546422720684,1.7094342857142857,11.465075330076147
2025-12-12,20.55113,10.91679,1.96078,4,금,12,20.010592857142857,-4.71745526602999,10.05525857142857,13.812117256780176,1.7094342857142857,5.714393543204355
2025-12-13,18.98251,10.74721,3.24324,5,토,12,19.948514285714285,-7.632767638567806,10.09614,-1.5533870304366038,1.9516942857142856,65.40560389232857
2025-12-14,20.21197,10.64122,1.90779,6,일,12,20.228625714285716,6.476804173947492,10.130964285714287,-0.9862094441254965,2.038,-41.176416176416176
2025-12-15,22.01377,11.11817,1.95018,0,월,12,20.602612857142855,8.91451946544548,10.247551428571429,4.4820988570859255,2.068282857142857,2.2219426666457043
2025-12-16,19.0461,9.46475,2.11976,1,화,12,20.280105714285714,-13.480971228462924,10.252092857142857,-14.871332242626245,2.1000785714285715,8.695607584940879
2025-12-17,20.40275,9.0408,2.15156,2,수,12,20.396692857142856,7.122980557699488,10.217268571428573,-4.47925196122454,2.1697285714285712,1.5001698305468603
2025-12-18,20.42395,10.01589,2.23635,3,목,12,20.23316857142857,0.10390756148068725,10.277832857142856,10.78543934165117,2.2242371428571426,3.9408615144360226
2025-12-19,20.34976,9.74032,1.86539,4,금,12,20.20440142857143,-0.36325000795635054,10.109765714285714,-2.7513281395861955,2.21061,-16.587743421199708
2025-12-20,22.38473,11.36195,1.36724,5,토,12,20.69043285714286,9.999970515622802,10.197585714285713,16.648631667132086,1.94261,-26.70487136738162
2025-12-21,21.61102,10.93799,1.20826,6,일,12,20.890297142857143,-3.4564187283027348,10.239981428571427,-3.7314017400182253,1.842677142857143,-11.627804920862472
2025-12-22,20.77371,10.21727,1.69581,0,월,12,20.713145714285712,-3.8744584938609994,10.111281428571429,-6.5891448063126745,1.8063385714285716,40.35141443066892
2025-12-23,20.20137,9.66613,1.70641,1,화,12,20.878184285714287,-2.755116924227785,10.14005,-5.394200211993994,1.7472885714285713,0.625070025533514
2025-12-24,23.92156,10.69422,1.97138,2,수,12,21.380871428571428,18.415533203936164,10.376252857142857,10.636004274720069,1.7215485714285717,15.52792119127291
2025-12-25,28.22469,13.70429,1.39904,3,목,12,22.495262857142855,17.988500749951086,10.903167142857143,28.14669980606348,1.601932857142857,-29.03245442279012
2025-12-26,19.87281,11.60572,1.52623,4,금,12,22.42712714285714,-29.59068815281939,11.169652857142859,-15.31323403109538,1.5534814285714285,9.091233989021031
2025-12-27,20.10598,12.22045,1.19766,5,토,12,22.101591428571428,1.1733116756009743,11.292295714285714,5.296784688929246,1.5292557142857144,-21.528210033874316
2025-12-28,18.19819,11.51033,1.46263,6,일,12,21.614044285714282,-9.488669540106965,11.374058571428572,-5.81091530999267,1.5655942857142855,22.123975084748615
2025-12-29,18.74933,10.64122,1.65341,0,월,12,21.324847142857145,3.028542948502033,11.434622857142857,-7.550695766324678,1.559537142857143,13.043626891284866
2025-12-30,17.27609,9.63434,1.77,1,화,12,20.906950000000002,-7.857560776838424,11.430081428571429,-9.462072957799961,1.5686214285714286,7.05148753182816
2025-12-31,14.90196,8.54266,2.36354,2,수,12,19.618435714285713,-13.74228775145302,11.122715714285714,-11.331134255174725,1.6246442857142858,33.533333333333324
2026-01-01,19.51245,17.32909,2.99947,3,목,1,18.373829999999998,30.938816102042942,11.640544285714286,102.85356083468149,1.853277142857143,26.905827699129283
2026-01-02,19.20508,12.6868,2.08797,4,금,1,18.27844,-1.5752506732880867,11.794984285714284,-26.78900046107442,1.9335257142857145,-30.38870200402072
2026-01-03,21.96078,13.16375,1.86539,5,토,1,18.543411428571428,14.348807711293055,11.929741428571429,3.7594192388939796,2.028915714285714,-10.660114848393409
2026-01-04,18.74933,12.36883,1.91838,6,일,1,18.622145714285715,-14.623569836772642,12.052384285714286,-6.038704776374503,2.0940228571428574,2.840692830989755
2026-01-05,16.85214,8.82882,2.14096,0,월,1,18.35111857142857,-10.11870824184119,11.79347,-28.62041114640593,2.163672857142857,11.602497940971034
2026-01-06,15.62268,10.10068,2.52252,1,화,1,18.114917142857145,-7.295571957033342,11.86009,14.405775630265438,2.2711757142857145,17.821911665794786
2026-01-07,17.49867,9.84631,2.10916,2,수,1,18.485875714285715,12.008118965504,12.046325714285715,-2.5183452995243827,2.2348357142857145,-16.386787815359238
2026-01-08,16.48118,9.68733,2.21515,3,목,1,18.052837142857143,-5.814670486385554,10.954645714285716,-1.61461501821496,2.1227899999999997,5.025223311650118
2026-01-09,16.92633,9.9311,1.7276,4,금,1,17.72730142857143,2.700959518675261,10.560974285714286,2.516379642275024,2.0713085714285717,-22.009796176331175
2026-01-10,16.71436,11.54213,1.21886,5,토,1,16.977812857142858,-1.2523092720040374,10.329314285714286,16.222070062732218,1.9789471428571428,-29.44778884000926
2026-01-11,15.89825,11.30895,1.18706,6,일,1,16.570515714285715,-4.882687700875166,10.177902857142858,-2.020251028189779,1.8744728571428573,-2.6089952906814595
2026-01-12,18.54795,9.47535,1.84419,0,월,1,16.812774285714287,16.66661424999607,10.270264285714287,-16.21370684281033,1.832077142857143,55.357774670193585
2026-01-13,16.67196,10.05829,1.83359,1,화,1,16.96267142857143,-10.1142713884823,10.264208571428572,6.15217379832933,1.7336585714285715,-0.5747780868565533
2026-01-14,16.64016,9.0832,1.63222,2,수,1,16.840027142857142,-0.19073942115982456,10.155192857142856,-9.694391392572687,1.6655242857142858,-10.982280662525435
2026-01-15,17.56226,9.18918,1.70641,3,목,1,16.994467142857143,5.541413063335909,10.084028571428572,1.1667694204685608,1.5928471428571431,4.545343152271131
2026-01-16,17.28669,10.19607,2.39533,4,금,1,17.04594714285714,-1.5691032930841398,10.12188142857143,10.957343310284484,1.6882371428571428,40.372477892183014
2026-01-17,21.07048,10.40805,1.64281,5,토,1,17.66825,21.888458692786173,9.959869999999999,2.079036334587725,1.7488014285714288,-31.416130554036393
2026-01-18,17.68945,9.65553,1.55802,6,일,1,17.924135714285715,-16.04628845664645,9.723667142857142,-7.230172798939272,1.8017957142857142,-5.161278541036407
2026-01-19,16.3434,9.57074,1.77,0,월,1,17.609199999999998,-7.609337769122282,9.737294285714285,-0.8781496199587124,1.791197142857143,13.605730350059698
2026-01-20,14.26603,8.22469,1.82299,1,화,1,17.265495714285713,-12.710757859441724,9.475351428571429,-14.064220739462153,1.7896828571428571,2.9937853107344647
2026-01-21,14.71118,7.82193,1.68521,2,수,1,16.989927142857145,3.1203495296168615,9.29517,-4.89696268187616,1.797252857142857,-7.557913098810198
2026-01-22,15.49549,8.75463,1.8018,3,목,1,16.694674285714285,5.331387420995459,9.233091428571429,11.92416705339987,1.8108799999999998,6.918425596809885
2026-01-23,15.00794,8.32008,2.35294,4,금,1,16.36913857142857,-3.1463993716881578,8.965092857142858,-4.96365922945915,1.8048242857142858,30.588300588300577
2026-01-24,16.19501,10.49284,1.92898,5,토,1,15.672642857142858,7.909613178091068,8.977205714285715,26.1146527437236,1.845705714285714,-18.0183090091545
2026-01-25,15.86645,9.46475,1.56862,6,일,1,15.412214285714285,-2.0287730603438914,8.949951428571428,-9.798014646177766,1.84722,-18.681375649306887
2026-01-26,15.49549,9.19978,2.22575,0,월,1,15.291084285714287,-2.338015119954373,8.896957142857143,-2.799545682664628,1.912327142857143,41.892236488123324
2026-01-27,14.30842,9.13619,2.49072,1,화,1,15.29714,-7.660745158752647,9.02717142857143,-0.6912121811608718,2.007717142857143,11.904751207458153
2026-01-28,15.24112,8.63804,1.95018,2,수,1,15.372845714285715,6.518539433424508,9.143758571428572,-5.452491684170302,2.04557,-21.70215841202544
2026-01-29,16.3328,8.76523,2.09856,3,목,1,15.49246142857143,7.162728198452606,9.145272857142857,1.4724405073373248,2.087964285714286,7.608528443528284
2026-01-30,15.31531,9.26338,1.84419,4,금,1,15.536371428571428,-6.229734032131651,9.28003,5.683250753260305,2.015285714285714,-12.121168801463856
2026-01-31,18.95071,9.61314,1.29305,5,토,1,15.930042857142857,23.73703176755808,9.154358571428572,3.7757276501665604,1.9244385714285717,-29.885207055672137
2026-02-01,16.354,8.79703,1.28245,6,일,2,15.999692857142858,-13.702441755480411,9.05897,-8.489525794901564,1.8835571428571427,-0.8197672170449644
2026-02-02,16.11022,8.37307,1.70641,0,월,2,16.08751142857143,-1.4906444906444771,8.94086857142857,-4.819353804636329,1.8093657142857142,33.05859877578072
2026-02-03,18.39957,8.0975,1.93958,1,화,2,16.67196142857143,14.21054461081226,8.792484285714286,-3.2911464970434956,1.7306314285714286,13.664359679092364
2026-02-04,18.45257,8.51086,1.83359,2,수,2,17.13074,0.2880502098690396,8.774315714285715,5.104785427601111,1.7139757142857142,-5.464585116365395
2026-02-05,17.79544,8.18229,1.67461,3,목,2,17.33968857142857,-3.561184160255193,8.691038571428573,-3.860596931449922,1.6534114285714288,-8.670422504485742
2026-02-06,17.72125,9.24218,1.89719,4,금,2,17.683394285714286,-0.4169045553242712,8.68801,12.95346412801306,1.660982857142857,13.29145293531031
2026-02-07,18.37837,9.57074,1.48383,5,토,2,17.60163142857143,3.7080905692318478,8.681952857142857,3.5550054207990067,1.6882371428571428,-21.788012797874746
2026-02-08,16.02543,9.9417,1.51563,6,일,2,17.554692857142857,-12.8027676012617,8.845477142857144,3.8759803317193864,1.7215485714285712,2.1431026465295933
2026-02-09,19.12029,8.93481,1.61102,0,월,2,17.984702857142857,19.3121807027955,8.925725714285715,-10.127945924741244,1.7079214285714284,6.293752432981647
2026-02-10,18.61155,7.97032,2.03497,1,화,2,18.014985714285714,-2.660733702260787,8.907557142857142,-10.794745495427438,1.7215485714285712,26.315626125063616
2026-02-11,16.91573,10.8638,1.69581,2,수,2,17.795437142857143,-9.111653784880902,9.243691428571427,36.30318481566612,1.7018657142857143,-16.66658476537737
2026-02-12,16.86274,12.46422,2.06677,3,목,2,17.662194285714286,-0.3132587242761664,9.855395714285715,14.731677681842449,1.7578885714285712,21.8750921388599
2026-02-13,16.51298,9.32697,1.47323,4,금,2,17.489584285714287,-2.074158766606138,9.867508571428571,-25.170046741793705,1.6973228571428574,-28.718241507279473
2026-02-14,17.93322,8.72284,1.42024,5,토,2,17.42599142857143,8.600749228788507,9.74638,-6.47723751657826,1.6882385714285715,-3.596858603205211
2026-02-15,20.65712,9.16799,0.99629,6,일,2,18.08766142857143,15.18912944802997,9.635850000000001,5.103269118773235,1.6140471428571428,-29.850588632907115
2026-02-16,20.33916,7.46157,1.09167,0,월,2,18.261785714285715,-1.539227152671807,9.425387142857144,-18.61280389703741,1.5398542857142858,9.573517750855665
2026-02-17,19.42766,8.71224,1.01748,1,화,2,18.378372857142857,-4.481502677593374,9.531375714285714,16.761485853513403,1.3944985714285714,-6.796009783176238
2026-02-18,18.51616,9.54954,1.27186,2,수,2,18.607005714285712,-4.691764216586048,9.343624285714286,9.610616787416326,1.3339342857142857,25.000982820301143
2026-02-19,20.31796,9.15739,1.7382,3,목,2,19.10060857142857,9.730959334980893,8.87122,-4.106480521574873,1.2869957142857142,36.66598524994888
2026-02-20,20.65712,9.63434,1.62162,4,금,2,19.69262857142857,1.6692620715859308,8.91513,5.2083617712033625,1.3081942857142859,-6.706938211943381
2026-02-21,21.25066,10.36565,1.29305,5,토,2,20.16654857142857,2.8732950188603334,9.149817142857144,7.590660076351896,1.2900242857142856,-20.261836928503595
2026-02-22,18.1558,10.39745,1.12347,6,일,2,19.80921714285714,-14.563594730704843,9.325454285714285,0.3067824979620104,1.3081928571428574,-13.11472874212135
2026-02-23,16.90514,8.40487,1.55802,0,월,2,19.31864285714286,-6.888487425505896,9.460211428571428,-19.164121972214332,1.3748142857142855,38.67927047451201
2026-02-24,16.58717,8.1187,1.55802,1,화,2,18.91285857142857,-1.8809072270327243,9.375420000000002,-3.404811734149371,1.4520342857142856,0.0
2026-02-25,16.77795,7.93852,1.71701,2,수,2,18.66454285714286,1.1501660620829135,9.145274285714285,-2.2193208272260456,1.5156271428571428,10.204618682687006
2026-02-26,16.40699,7.76894,1.7276,3,목,2,18.105832857142858,-2.2109971718833332,8.946924285714287,-2.1361664390843638,1.514112857142857,0.6167698499135232
2026-02-27,18.96131,8.86062,1.60042,4,금,2,17.863574285714286,15.568486358558165,8.836392857142858,14.05185263369264,1.5110842857142857,-7.361657791155363
2026-02-28,20.73131,9.46475,1.21886,5,토,2,17.789381428571428,9.334798070386485,8.707692857142858,6.818145908525586,1.5004857142857142,-23.841241674060555
2026-03-01,19.17329,9.37996,1.10227,6,일,3,17.93473714285714,-7.515299322618773,8.562337142857142,-0.8958503922449124,1.4974571428571426,-9.565495627061349
2026-03-02,11.16057,7.58876,1.31425,0,월,3,17.114084285714288,-41.791054117472804,8.44575,-19.09603026025698,1.462632857142857,19.23122284013896
2026-03-03,11.33015,6.25331,1.7382,1,화,3,16.363081428571427,1.5194564435329072,8.179265714285714,-17.59773665262836,1.488372857142857,32.25794179189651
2026-03-04,11.95548,6.08373,1.62162,2,수,3,15.674157142857144,5.519167883920328,7.914295714285714,-2.7118438075195317,1.4747457142857143,-6.706938211943381
2026-03-05,12.79279,6.81505,1.69581,3,목,3,15.157842857142857,7.003566565290575,7.778025714285714,12.020914800623972,1.4702042857142856,4.575054575054582
2026-03-06,13.37572,7.02702,1.53683,4,금,3,14.35990142857143,4.55670733280229,7.516082857142857,3.110322007908972,1.46112,-9.374871005596152
2026-03-07,14.62639,9.09379,1.39904,5,토,3,13.487770000000001,9.350300395044165,7.463088571428571,29.41175633483326,1.48686,-8.96585829271942
2026-03-08,12.60201,8.25649,1.19766,6,일,3,12.549015714285714,-13.840599081523198,7.302592857142857,-9.207382180586976,1.500487142857143,-14.394155992680702
2026-03-09,13.04716,7.54636,1.62162,0,월,3,12.81852857142857,3.532373010337242,7.296535714285715,-8.60087034563113,1.544397142857143,35.39902810480437
2026-03-10,13.10015,7.56756,1.57922,1,화,3,13.071385714285714,0.4061420263107074,7.484285714285714,0.2809301438044365,1.5216857142857143,-2.6146692813359462
2026-03-11,13.6195,8.0975,1.67461,2,수,3,13.309102857142857,3.964458422231809,7.771967142857143,7.002785574214143,1.5292557142857142,6.040323704107076
2026-03-12,13.33333,7.36618,1.61102,3,목,3,13.386322857142858,-2.101178457358932,7.850700000000001,-9.031429453535045,1.5171428571428571,-3.7973020583897177
2026-03-13,15.76046,7.44038,1.67461,4,금,3,13.727,18.203479550869893,7.909751428571428,1.007306365035876,1.5368257142857142,3.9471887375699843
2026-03-14,16.50238,9.16799,1.21886,5,토,3,13.994998571428571,4.707476812225009,7.920351428571428,23.219378580126282,1.5110857142857144,-27.2152919187154
2026-03-15,14.4886,8.29888,1.13407,6,일,3,14.264511428571428,-12.202967087171658,7.926407142857143,-9.47983145705874,1.5020014285714285,-6.956500336379912
2026-03-16,14.92315,7.56756,1.61102,0,월,3,14.53251,2.9992545863644526,7.929435714285715,-8.812273463407116,1.5004871428571427,42.05648681298333
2026-03-17,15.3789,8.20349,1.53683,1,화,3,14.858045714285712,3.05397989030467,8.020282857142858,8.403369117654824,1.4944314285714284,-4.605156981291358
2026-03-18,13.91626,6.70906,1.7276,2,수,3,14.90044,-9.510693222532174,7.821934285714286,-18.21700276345799,1.5020014285714287,12.413214213673607
2026-03-19,15.05034,7.28139,1.48383,3,목,3,15.145727142857144,8.149315980011874,7.809821428571428,8.530703257982486,1.4838314285714287,-14.110326464459366
2026-03-20,17.46687,7.99152,1.69581,4,금,3,15.389499999999998,16.056315006837064,7.888555714285714,9.752670849933875,1.4868599999999998,14.286003113564227
2026-03-21,15.71807,8.07631,1.17647,5,토,3,15.277455714285717,-10.012097187418235,7.732601428571429,1.0609996596391946,1.4808042857142856,-30.624893118922525
2026-03-22,14.62639,6.83624,1.11287,6,일,3,15.29714,-6.945381971196207,7.523652857142857,-15.354413092117557,1.4777757142857144,-5.406002703001345
2026-03-23,13.85267,7.60996,1.52623,0,월,3,15.144214285714286,-5.2898903967417805,7.529710000000001,11.31791745169859,1.4656628571428574,37.14360167854287
2026-03-24,13.19554,7.82193,1.58982,1,화,3,14.832305714285715,-4.743706447926643,7.475201428571428,2.7854285699267844,1.4732328571428572,4.166475563971361
2026-03-25,13.17435,7.60996,1.82299,2,수,3,14.726318571428573,-0.16058456114717012,7.603901428571428,-2.709944988001678,1.48686,14.666440225937528
2026-03-26,13.87387,6.85744,1.56862,3,목,3,14.55825142857143,5.309711674579765,7.543337142857143,-9.888619651088826,1.498972857142857,-13.953450101207366
2026-03-27,14.79597,6.68786,1.47323,4,금,3,14.176694285714285,6.646307050592237,7.357100000000001,-2.472934506171409,1.4671757142857142,-6.0811413854215735
2026-03-28,16.71436,7.63116,1.30365,5,토,3,14.319021428571428,12.965625099266887,7.293507142857144,14.104661281785225,1.4853442857142858,-11.510762067022807
2026-03-29,16.02543,6.40169,1.12347,6,일,3,14.518884285714284,-4.121785099758524,7.231428571428571,-16.11118100000524,1.4868585714285714,-13.821194338971354
2026-03-30,15.30471,6.46528,1.70641,0,월,3,14.72631857142857,-4.497352021131418,7.067902857142856,0.9933314484144029,1.5125985714285712,51.88745582881609
2026-03-31,13.26974,5.96714,1.91838,1,화,3,14.736918571428571,-13.296364321832954,6.802932857142857,-7.704848049891111,1.5595357142857142,12.421985337638674
2026-04-01,13.36512,5.78696,1.64281,2,수,4,14.764171428571428,0.7187782126854003,6.542504285714286,-3.019536997623651,1.5337957142857142,-14.36472440288159
2026-04-02,13.95866,6.73025,1.87599,3,목,4,14.776284285714285,4.440962744816357,6.524334285714285,16.30026818917014,1.5777057142857143,14.19397252268977
2026-04-03,13.81028,6.56067,1.45204,4,금,4,14.63547142857143,-1.0629960182424347,6.506164285714285,-2.5196686601537843,1.5746785714285714,-22.598734534832275
2026-04-04,15.26232,6.80445,1.42024,5,토,4,14.428037142857145,10.514196670885756,6.388062857142858,3.7157790286662884,1.5913342857142856,-2.1900223134348917
2026-04-05,13.96926,5.95654,1.57922,6,일,4,14.134298571428571,-8.472237510417813,6.32447,-12.461110008891241,1.6564414285714286,11.193882724046645
2026-04-06,15.49549,5.51139,2.03497,0,월,4,14.161552857142857,10.92563242433744,6.1882,-7.473298257041849,1.7033785714285714,28.8591836476235
2026-04-07,15.88765,5.86115,1.87599,1,화,4,14.535540000000001,2.5308008975514884,6.173058571428571,6.346130467994482,1.6973228571428571,-7.812400182803669
2026-04-08,13.69369,6.07313,1.95018,2,수,4,14.58247857142857,-13.809216592762308,6.21394,3.616696382109308,1.741232857142857,3.954711912110409
2026-04-09,14.06465,6.73025,1.58982,3,목,4,14.597620000000001,2.7089849412393674,6.21394,10.82012076145249,1.7003514285714287,-18.47829431129434
2026-04-10,15.11393,6.66666,1.70641,4,금,4,14.783855714285712,7.460406053474489,6.229081428571428,-0.9448386018349963,1.73669,7.333534613981452
2026-04-11,16.94753,6.48648,1.15527,5,토,4,15.024600000000001,12.131854520961793,6.183657142857142,-2.7027027027026973,1.698837142857143,-32.29821672399951
2026-04-12,14.90196,6.14732,1.31425,6,일,4,15.157842857142857,-12.070018462867449,6.210911428571428,-5.228721895388566,1.6609842857142856,13.761285240679655
2026-04-13,15.35771,5.83995,2.34234,0,월,4,15.138160000000001,3.0583225293854044,6.257848571428572,-5.000065069005677,1.7048942857142857,78.22636484687087
2026-04-14,14.07525,6.17912,1.68521,1,화,4,14.879245714285716,-8.35059393620533,6.303272857142857,5.807755203383591,1.67764,-28.054424208270355
2026-04-15,15.10333,6.49708,1.67461,2,수,4,15.080622857142858,7.304168664854971,6.363837142857143,5.145716542161338,1.638272857142857,-0.6290017267877701
2026-04-16,14.59459,6.20031,1.84419,3,목,4,15.156328571428572,-3.3683962410938517,6.28813142857143,-4.5677442789684,1.6746114285714284,10.126536925015373
2026-04-17,16.04663,7.01642,2.13036,4,금,4,15.289571428571426,9.949166095107852,6.338097142857143,13.162406395809235,1.7351757142857143,15.517381614692628
2026-04-18,17.00052,6.3169,1.21886,5,토,4,15.297141428571427,5.944488032689743,6.31387142857143,-9.969756656528538,1.74426,-42.78619576034097
2026-04-19,15.71807,7.39798,1.16587,6,일,4,15.413728571428573,-7.543592784220721,6.4925371428571435,17.114090772372514,1.723062857142857,-4.347505045698452
2026-04-20,14.97615,5.88235,1.68521,0,월,4,15.359219999999999,-4.720172387576849,6.498594285714286,-20.487078905322797,1.629187142857143,44.545275202209524
2026-04-21,15.46369,6.11552,1.58982,1,화,4,15.557568571428572,3.255442820751653,6.489508571428572,3.9638919819459995,1.61556,-5.660422143234378
2026-04-22,15.02914,5.97774,2.04557,2,수,4,15.54697,-2.810131346399214,6.415317142857142,-2.252956412537288,1.6685542857142857,28.666767306990735
2026-04-23,16.66136,6.18971,1.66401,3,목,4,15.842222857142858,10.860368590617941,6.413802857142857,3.545988952346546,1.6428142857142856,-18.65299158669711
2026-04-24,18.98251,6.59247,1.65341,4,금,4,16.261634285714287,13.931335737298767,6.353238571428571,6.5069284344500655,1.5746785714285714,-0.6370154025516661
2026-04-25,19.20508,8.27768,1.12347,5,토,4,16.57657142857143,1.1725003700775005,6.633349999999999,25.562649507695912,1.5610514285714285,-32.05133632916216
2026-04-26,17.06412,7.52517,1.15527,6,일,4,16.768864285714287,-11.147883789080804,6.65152,-9.090832213857025,1.559537142857143,2.8305161686560387
2026-04-27,17.68945,6.77265,1.7382,0,월,4,17.156478571428572,3.664589794258366,6.778705714285714,-10.00003986620901,1.5671071428571428,50.45833441533147
2026-04-28,17.32909,7.08002,1.68521,1,화,4,17.422964285714286,-2.0371464347393453,6.916491428571429,4.538400773700113,1.5807342857142856,-3.048555977447931
2026-04-29,19.0461,7.95972,1.57922,2,수,4,17.996815714285713,9.908252539515905,7.199631428571429,12.42510614376795,1.5141128571428573,-6.289423870022137
2026-04-30,24.69528,8.73343,1.52623,3,목,4,19.14451857142857,29.66056042969427,7.56302,9.720316795063155,1.4944300000000001,-3.3554539582832055
2026-05-01,100.0,11.19236,1.47323,4,금,5,30.71844571428571,304.9356800165862,8.220147142857142,28.155375379432822,1.46869,-3.4726089776770164
2026-05-02,75.01854,9.42236,1.07048,5,토,5,38.69179714285714,-24.98146,8.383672857142857,-15.814359080658601,1.46112,-27.337890214019534
2026-05-03,35.03974,9.18918,1.15527,6,일,5,41.259742857142854,-53.29189291073912,8.621388571428572,-2.4747515484443317,1.46112,7.9207458336447045
2026-05-04,47.2178,9.81452,1.39904,0,월,5,45.47807857142857,34.75499532816166,9.055941428571428,6.805177393412687,1.4126685714285716,21.100695075610034
2026-05-05,25.81875,8.1505,1.25066,1,화,5,46.69088714285714,-45.31987936752665,9.208867142857143,-16.954675317794454,1.3505900000000002,-10.605844007319298
2026-05-06,20.16958,6.25331,1.47323,2,수,5,46.85138428571429,-21.880106511740504,8.965094285714285,-23.2769768725845,1.3354485714285715,17.79620360449683
2026-05-07,17.15951,7.06942,1.43084,3,목,5,45.77484571428572,-14.923811006476084,8.727378571428572,13.0508482707558,1.3218214285714287,-2.877351126436478
2026-05-08,17.88023,6.49708,1.30365,4,금,5,34.04345,4.200119933494606,8.056624285714287,-8.095996559830931,1.2975957142857144,-8.889183975846349
2026-05-09,18.90832,7.29199,1.00688,5,토,5,26.02770428571429,5.74987010793484,7.752285714285715,12.234880900342926,1.28851,-22.764545698615425
2026-05-10,18.72813,7.91732,0.8691,6,일,5,23.697474285714286,-0.9529667363361694,7.5705914285714275,8.57557402026059,1.2476285714285713,-13.683855077069762
2026-05-11,17.14891,6.69846,1.71701,0,월,5,19.401918571428574,-8.432342150551065,7.12544,-15.3948558350553,1.2930528571428572,97.56184558738926
2026-05-12,16.61897,6.95283,1.96078,1,화,5,18.087664285714286,-3.0902255595253614,6.954344285714286,3.7974400085989846,1.3944985714285714,14.197354703816512
2026-05-13,16.47058,6.83624,1.53683,2,수,5,17.559235714285716,-0.8928952877344298,7.0376199999999995,-1.676871144555525,1.4035842857142857,-21.621497567294657
2026-05-14,17.14891,7.04822,1.57922,3,목,5,17.55772142857143,4.118434202074228,7.034591428571429,3.100827355388347,1.4247814285714284,2.758275150797429
2026-05-15,17.09591,7.52517,1.48383,4,금,5,17.445675714285716,-0.3090575435989895,7.181461428571429,6.766956763551657,1.4505214285714287,-6.040323704107098
2026-05-16,18.0922,7.94912,1.27186,5,토,5,17.32908714285714,5.8276511750471105,7.2753371428571425,5.633759768882296,1.4883757142857144,-14.285329181914374
2026-05-17,16.21621,8.30948,0.95389,6,일,5,16.97024142857143,-10.369054067498695,7.331359999999999,4.533331991465728,1.5004885714285714,-25.000393125029486
2026-05-18,15.49549,7.40858,1.47323,0,월,5,16.734038571428574,-4.444441703702651,7.432805714285713,-10.841833664681799,1.465662857142857,54.444432796234366
2026-05-19,15.97244,7.38738,1.27186,1,화,5,16.64167714285714,3.0779923706833356,7.494884285714285,-0.2861547017107169,1.3672457142857142,-13.668605716690541
2026-05-20,14.11764,6.94223,1.38844,2,수,5,16.305542857142857,-11.612502535617608,7.510025714285715,-6.025817001426759,1.3460471428571428,9.166103187457741
2026-05-21,15.26232,6.60307,1.47323,3,목,5,16.03603,8.108154054077033,7.446432857142858,-4.885461876083053,1.3309057142857144,6.1068537351272045
2026-05-22,18.88712,7.92792,1.7276,4,금,5,16.29191714285714,23.749993447916175,7.5039685714285715,20.064151977792164,1.3657299999999999,17.266143100534205
2026-05-23,21.95018,9.64493,0.9009,5,토,5,16.843057142857145,16.21771874166098,7.746227142857143,21.657761430488698,1.3127357142857143,-47.852512155591576
2026-05-24,22.43773,10.19607,0.8903,6,일,5,17.731845714285715,2.2211662956750144,8.015740000000001,5.714297563590409,1.3036514285714287,-1.1766011766011775
2026-05-25,16.51298,8.56385,1.24006,0,월,5,17.87720142857143,-26.40530035792391,8.180778571428572,-16.008324776114723,1.2703414285714285,39.28563405593619
2026-05-26,14.40381,6.2851,1.38844,1,화,5,17.653111428571428,-12.772800548417063,8.02331,-26.60894340746277,1.2869957142857142,11.965550054029638
2026-05-27,13.17435,5.91414,1.31425,2,수,5,17.518355714285715,-8.535658273748403,7.8764400000000006,-5.902213170832605,1.2763971428571428,-5.343406989138888
2026-05-28,13.69369,6.52888,1.53683,3,목,5,17.29426571428571,3.9420540671835758,7.865841428571429,10.39441068354825,1.285482857142857,16.935894997146672
2026-05-29,15.30471,6.50768,1.61102,4,금,5,16.78249285714286,11.764688699685767,7.66295,-0.3247111296271421,1.2688285714285714,4.827469531438089
2026-05-30,17.45627,8.45786,1.16587,5,토,5,16.140505714285712,14.058155953298046,7.493368571428571,29.96736164040028,1.3066814285714285,-27.631562612506354
2026-05-31,14.79597,7.86433,1.33545,6,일,5,15.048825714285714,-15.239796359703417,7.160262857142857,-7.017496151508773,1.3702742857142858,14.545360975065847
2026-06-01,16.41759,6.52888,1.7276,0,월,6,15.03519857142857,10.959876236569821,6.869552857142858,-16.98110328534026,1.4399228571428573,29.36463364409001
2026-06-02,17.89083,7.58876,1.55802,1,화,6,15.533344285714287,8.9735460563944,7.055790000000001,16.233718493830484,1.4641485714285714,-9.815929613336428
2026-06-03,16.24801,7.10121,1.25066,2,수,6,15.97243857142857,-9.18246945502249,7.225371428571428,-6.424633273420155,1.4550642857142857,-19.727602983273627
2026-06-04,24.56809,5.46899,1.62162,3,목,6,17.52592428571429,51.20676316668933,7.073958571428571,-22.985096906020242,1.4671771428571427,29.66113891865094
2026-06-05,25.57498,7.59936,1.61102,4,금,6,18.993105714285715,4.098364992964454,7.229912857142857,38.953627635084366,1.4671771428571427,-0.6536673203339949
2026-06-06,19.44886,7.97032,1.24006,5,토,6,19.27776142857143,-23.953567119114073,7.160264285714286,4.881463702206501,1.4777757142857142,-23.026405631215006
2026-06-07,21.39904,6.63487,1.24006,6,일,6,20.22105714285714,10.027220104417434,6.984627142857143,-16.755287115197383,1.4641485714285714,0.0
2026-06-08,17.36089,5.94594,1.45204,0,월,6,20.355814285714285,-18.8707063494437,6.90135,-10.38347397914352,1.424782857142857,17.094334145122026
2026-06-09,15.89825,7.13301,1.49443,1,화,6,20.07116,-8.424913699700875,6.836242857142857,19.96437905528814,1.4156985714285715,2.9193410649844376
2026-06-10,15.84525,6.24271,1.52623,2,수,6,20.013622857142856,-0.3333700250027549,6.7136000000000005,-12.48140686750755,1.4550657142857142,2.127901607970939
2026-06-11,15.54848,6.55007,1.43084,3,목,6,18.725107142857144,-1.8729272179359824,6.86804,4.92350277363518,1.4278114285714285,-6.250040950577573
2026-06-12,15.3683,7.16481,1.77,4,금,6,17.26701,-1.1588271007841322,6.805961428571429,9.385243211141269,1.4505228571428572,23.703558748707067
2026-06-13,23.73078,8.46846,1.12347,5,토,6,17.878712857142858,54.413825862326995,6.877124285714286,18.19517893705487,1.4338671428571428,-36.527118644067805
2026-06-14,22.57551,6.70906,0.95389,6,일,6,18.046780000000002,-4.86823441960188,6.887722857142856,-20.775914392935668,1.3929857142857143,-15.094306033983996
2026-06-15,18.98251,6.13672,1.66401,0,월,6,18.27844,-15.915476549588469,6.9149771428571425,-8.530852310159688,1.4232671428571428,74.44464246401577
2026-06-16,16.3434,6.76205,1.43084,1,화,6,18.342032857142858,-13.90285057139442,6.861982857142857,10.189971189821279,1.4141828571428572,-14.012535982355878
2026-06-17,14.77477,5.90355,1.28245,2,수,6,18.189107142857143,-9.597941676762478,6.813531428571428,-12.695854067923197,1.3793571428571425,-10.370831120181133
2026-06-18,16.55537,6.2851,1.51563,3,목,6,18.33294857142857,12.051625845952252,6.775678571428571,6.463060361985584,1.3914700000000002,18.18238527817848
2026-06-19,15.23052,6.24271,1.13407,4,금,6,18.313265714285713,-8.002539357320316,6.643949999999999,-0.6744522760178895,1.300622857142857,-25.175009731926668
2026-06-20,15.49549,6.85744,0.8691,5,토,6,17.136795714285714,1.7397304885190978,6.413804285714286,9.847165734112284,1.2642842857142857,-23.36451894503866
2026-06-21,16.71436,7.10121,0.96449,6,일,6,16.299488571428572,7.865966161767068,6.469825714285714,3.5548251242446094,1.2657985714285716,10.975722011276034
2026-06-22,16.62957,6.50768,1.47323,0,월,6,15.963354285714287,-0.507288343675727,6.52282,-8.358153047156758,1.2385442857142857,52.747047662495206
2026-06-23,14.96555,6.52888,1.54742,1,화,6,15.766518571428572,-10.006392227820681,6.48951,0.3257689376244821,1.2551985714285716,5.035873556742665
2026-06-24,15.02914,6.13672,1.21886,2,수,6,15.802857142857144,0.4249092081480388,6.52282,-6.006543235593231,1.2461142857142857,-21.232761629034137
2026-06-25,14.59459,5.3948,1.47323,3,목,6,15.522745714285714,-2.8913830066124913,6.395634285714286,-12.089846041533592,1.240057142857143,20.86950100913969
2026-06-26,15.95124,7.48277,1.18706,4,금,6,15.625705714285715,9.295567741197264,6.572785714285715,38.7033810335879,1.2476271428571428,-19.4246655308404
2026-06-27,17.37148,7.11181,0.96449,5,토,6,15.893704285714287,8.90363382407886,6.6091242857142865,-4.957522414827665,1.2612542857142857,-18.749684093474638
2026-06-28,14.32962,6.73025,0.8691,6,일,6,15.553027142857145,-17.510655396085983,6.5561300000000005,-5.365160205348573,1.2476271428571428,-9.890201038891021
2026-06-29,15.56968,6.71966,1.31425,0,월,6,15.401614285714286,8.653823339348854,6.586412857142856,-0.15734928123025682,1.2249157142857143,51.21965251409504
2026-06-30,14.89136,6.50768,1.42024,1,화,6,15.391015714285714,-4.3566727126055245,6.583384285714286,-3.154623894661346,1.2067471428571428,8.064675670534527
2026-07-01,14.12824,6.96343,1.56862,2,수,7,15.262315714285714,-5.124582308130354,6.701485714285715,7.003263835959972,1.2567128571428572,10.447529994930438
2026-07-02,15.83465,7.71595,1.22946,3,목,7,15.439467142857144,12.078008301104749,7.033078571428571,10.806743228552595,1.2218885714285714,-21.621552702375336
2026-07-03,17.02172,7.70535,1.36724,4,금,7,15.592392857142856,7.496660803996291,7.064875714285714,-0.1373777694256728,1.2476285714285713,11.206545963268422
2026-07-04,18.04981,8.76523,0.8691,5,토,7,15.689297142857143,6.03987141134974,7.3010785714285715,13.755118197096827,1.2340014285714285,-36.433983792165236
2026-07-05,14.87016,8.0975,0.92209,6,일,7,15.766517142857142,-17.615974904999,7.4964,-7.617940430542047,1.2415714285714283,6.097111954895862
2026-07-06,15.27291,6.79385,1.49443,0,월,7,15.724121428571427,2.7084442938071884,7.5069985714285705,-16.09941339919728,1.2673114285714284,62.069863028554686
2026-07-07,14.19183,7.41918,1.34605,1,화,7,15.624188571428572,-7.07841531181681,7.637212857142858,9.204353937752519,1.2567128571428572,-9.92886920096625
2026-07-08,13.20614,7.16481,1.7276,2,수,7,15.49246,-6.945474966935206,7.6659814285714285,-3.428546011823408,1.279424285714286,28.345900969503358
2026-07-09,13.64069,7.65235,1.48383,3,목,7,15.179037142857142,3.290514866569638,7.656895714285715,6.8046465991421945,1.3157628571428572,-14.110326464459366
2026-07-10,14.12824,8.98781,1.27186,4,금,7,14.765682857142854,3.5742326817778336,7.840104285714285,17.451632505047463,1.3021371428571429,-14.285329181914374
2026-07-11,16.18441,11.59512,0.8267,5,토,7,14.499197142857144,14.553617435717392,8.244374285714285,29.009402735482848,1.29608,-35.000707625053074
2026-07-12,13.12135,8.66984,1.10227,6,일,7,14.249367142857142,-18.925991123556564,8.326137142857144,-25.228544422136203,1.32182,33.33373654288134
2026-07-13,14.68998,7.12241,1.53683,0,월,7,14.16609142857143,11.95479123718215,8.373074285714285,-17.848426268535523,1.3278771428571428,39.424097544158855
2026-07-14,14.10704,6.52888,1.42024,1,화,7,14.15397857142857,-3.968283142659146,8.245888571428571,-8.33327483253562,1.3384757142857142,-7.586395372292309
2026-07-15,14.13884,7.49337,1.48383,2,수,7,14.28722142857143,0.22541936508297944,8.292825714285714,14.772671576135554,1.3036514285714287,4.4774122683490125
2026-07-16,15.80286,8.36248,1.37784,3,목,7,14.596102857142856,11.769140891331965,8.394272857142857,11.598386306828568,1.28851,-7.143001556782114
2026-07-17,17.81664,9.86751,1.18706,4,금,7,15.123017142857142,12.743136368986363,8.519944285714285,17.997412250911204,1.2763957142857143,-13.846310166637632
2026-07-18,16.54478,8.80763,1.12347,5,토,7,15.17449857142857,-7.138607503996264,8.121731428571428,-10.741108952511825,1.3187914285714286,-5.356932252792612
2026-07-19,14.04345,8.85002,1.02808,6,일,7,15.306227142857143,-15.118544942876245,8.147471428571428,0.48128724753424557,1.3081928571428574,-8.490658406543993
2026-07-20,13.66189,7.09062,1.35665,0,월,7,15.159357142857143,-2.716996179713682,8.142930000000002,-19.880181061737712,1.282452857142857,31.959575130340024
2026-07-21,13.82087,7.89613,1.33545,1,화,7,15.118475714285713,1.1636750112905325,8.338251428571429,11.360219557669149,1.2703399999999998,-1.5626727601076085
2026-07-22,15.12453,8.36248,1.49443,2,수,7,15.25928857142857,9.432546576300926,8.46241,5.9060577776708145,1.2718542857142856,11.904601445205731
2026-07-23,15.29411,7.77954,1.61102,3,목,7,15.18661,1.1212249240141636,8.379132857142856,-6.970898585108721,1.3051657142857143,7.801636744444362
2026-07-24,17.29729,8.99841,1.52623,4,금,7,15.112417142857144,13.097721933476357,8.254975714285715,15.667635875643038,1.3536185714285713,-5.263125225012722
2026-07-25,16.02543,10.04769,0.98569,5,토,7,15.038224285714287,-7.352943727023131,8.432127142857142,11.66072672838867,1.333935714285714,-35.41668031685919
2026-07-26,16.96873,9.40116,0.8691,6,일,7,15.456121428571427,5.886269510396924,8.51086142857143,-6.434613329033823,1.3112242857142857,-11.82826243545131
2026-07-27,18.06041,8.69104,1.32485,0,월,7,16.08448142857143,6.433480879240827,8.739492857142857,-7.553535946627877,1.3066814285714285,52.4393050281901
2026-07-28,17.11711,8.48966,1.46263,1,화,7,16.555372857142856,-5.223026498291016,8.824282857142856,-2.317098989303912,1.3248499999999999,10.399667886930587
2026-07-29,17.68945,8.55325,1.60042,2,수,7,16.92179,3.3436719165793827,8.851535714285715,0.7490288185863614,1.3399914285714287,9.42070106588815
2026-07-30,18.74933,9.23158,1.27186,3,목,7,17.41539285714286,5.991593859616895,9.05897,7.9306696285037726,1.29154,-20.529610977118505
2026-07-31,17.51987,9.0196,1.31425,4,금,7,17.44719,-6.557354316127562,9.061997142857143,-2.296248312856508,1.261257142857143,3.332913999968534
2026-08-01,18.29358,9.85691,1.03868,5,토,8,17.77121142857143,4.416185736537992,9.034742857142858,9.283227637589242,1.268827142857143,-20.967852387293128
2026-08-02,16.55537,8.53206,1.00688,6,일,8,17.71216,-9.501748700910372,8.910585714285714,-13.440824761512483,1.28851,-3.0615781568914424
2026-08-03,16.65076,7.86433,1.85479,0,월,8,17.510781428571427,0.5761876659959864,8.792484285714286,-7.8261287426483195,1.3642157142857143,84.21162402669633
2026-08-04,14.84896,8.04451,1.7594,1,화,8,17.18676,-10.821127684261855,8.728891428571428,2.2911042644446544,1.4066114285714286,-5.142900274424589
2026-08-05,14.32962,8.23529,1.8124,2,수,8,16.706784285714285,-3.4974839988793804,8.683468571428572,2.371555259425384,1.436894285714286,3.012390587700353
2026-08-06,14.96555,7.14361,1.62162,3,목,8,16.166244285714285,4.4378706483493735,8.385187142857143,-13.25612091377475,1.48686,-10.526373868903105
2026-08-07,15.06094,8.51086,1.46263,4,금,8,15.81496857142857,0.6373972222871949,8.31251,19.13948269852357,1.5080571428571428,-9.804393137726464
2026-08-08,13.82087,13.76788,1.16587,5,토,8,15.176010000000002,-8.233682625387262,8.87122,61.76837593380693,1.526227142857143,-20.28947854207832
2026-08-09,15.64387,8.44727,1.03868,6,일,8,15.045795714285713,13.190197143884586,8.859107142857143,-38.64509278116892,1.53077,-10.909449595580977
2026-08-10,15.97244,6.75145,1.22946,0,월,8,14.948892857142857,2.1003114958127345,8.700124285714285,-20.075361625708656,1.4414371428571429,18.367543420495245
2026-08-11,16.26921,7.12241,1.40964,1,화,8,15.151785714285714,1.8580129272672163,8.568395714285714,5.494523398677331,1.3914714285714287,14.655214484407786
2026-08-12,18.88712,8.23529,1.38844,2,수,8,15.80285714285714,16.0911931187808,8.568395714285714,15.625048263158114,1.3309057142857144,-1.503930081439242
2026-08-13,16.66136,7.2284,1.46263,3,목,8,16.045115714285714,-11.784538881523499,8.58050857142857,-12.226527541835209,1.3081928571428574,5.34340698913891
2026-08-14,18.81293,8.68044,1.20826,4,금,8,16.581114285714285,12.913531668483259,8.604734285714287,20.087986276354396,1.2718542857142856,-17.391274621743037
2026-08-15,19.25808,9.25278,0.71012,5,토,8,17.357858571428572,2.366191762792913,7.95972,6.593444571934137,1.2067471428571428,-41.22788141625146
2026-08-16,20.09538,9.45416,0.8903,6,일,8,17.993788571428574,4.347785449016728,8.103561428571428,2.1764269765411015,1.1855499999999999,25.373176364558113
2026-08-17,15.08214,7.64175,1.00688,0,월,8,17.86660285714286,-24.947226675982236,8.230747142857142,-19.17050272049553,1.153752857142857,13.094462540716624
2026-08-18,13.15315,6.75145,1.21886,1,화,8,17.421451428571427,-12.789895863584345,8.177752857142858,-11.65047273203127,1.1264985714285713,21.053154298426826
2026-08-19,13.36512,5.78696,1.47323,2,수,8,16.632594285714287,1.6115531260572524,7.827991428571428,-14.285671966762703,1.1386114285714286,20.86950100913969
2026-08-20,12.46422,6.06253,1.31425,3,목,8,16.033002857142858,-6.740680218359429,7.6614385714285715,4.761912990585726,1.1174142857142857,-10.791254590254074
2026-08-21,12.96237,6.22151,1.36724,4,금,8,15.197208571428572,3.9966399822852994,7.310162857142857,2.6223375389482717,1.1401257142857142,4.031957390146479
2026-08-22,12.72919,7.60996,1.14467,5,토,8,14.26451,-1.798899429656775,7.075474285714286,22.316929491393566,1.2022042857142858,-16.27878060911032
2026-08-23,12.98357,8.50026,1.00688,6,일,8,13.248537142857144,1.9983989554716475,6.939202857142858,11.699141651204492,1.2188585714285713,-12.037530467296254
2026-08-24,13.86327,6.87864,1.44144,0,월,8,13.074412857142857,6.7754862491595125,6.830187142857143,-19.077298812036346,1.2809385714285713,43.15906562847609
