date,active_events,new_events,active_brand,active_merchant,active_beauty,active_delivery,active_fashion,active_food,active_living,active_popup,active_stay,active_tech,weekday,weekday_ko,total_views,total_likes,views_beauty,views_delivery,views_fashion,views_food,views_living,views_popup,views_stay,views_tech,review_count,avg_rating,rating_sum,ma7_views,ma30_views,is_real_period,avg_rating_7d
2025-08-21,1,1,1,0,0,0,0,0,1,0,0,0,3,목,60.0,3.0,0.0,0.0,0.0,0.0,60.0,0.0,0.0,0.0,0.0,,0.0,60.0,60.0,False,
2025-08-22,3,2,3,0,0,0,0,0,2,0,1,0,4,금,273.0,14.0,0.0,0.0,0.0,0.0,135.0,0.0,138.0,0.0,0.0,,0.0,166.5,166.5,False,
2025-08-23,4,1,4,0,0,0,0,0,2,0,2,0,5,토,260.0,11.0,0.0,0.0,0.0,0.0,96.0,0.0,164.0,0.0,0.0,,0.0,197.66666666666666,197.66666666666666,False,
2025-08-24,4,0,4,0,0,0,0,0,2,0,2,0,6,일,292.0,13.0,0.0,0.0,0.0,0.0,94.0,0.0,198.0,0.0,1.0,4.0,4.0,221.25,221.25,False,4.0
2025-08-25,5,1,5,0,0,0,0,1,2,0,2,0,0,월,216.0,11.0,0.0,0.0,0.0,82.0,52.0,0.0,82.0,0.0,0.0,,0.0,220.2,220.2,False,4.0
2025-08-26,5,0,5,0,0,0,0,1,2,0,2,0,1,화,229.0,12.0,0.0,0.0,0.0,39.0,70.0,0.0,120.0,0.0,0.0,,0.0,221.66666666666666,221.66666666666666,False,4.0
2025-08-27,5,0,5,0,0,0,0,1,2,0,2,0,2,수,205.0,10.0,0.0,0.0,0.0,64.0,67.0,0.0,74.0,0.0,1.0,3.0,3.0,219.28571428571428,219.28571428571428,False,3.5
2025-08-28,5,0,5,0,0,0,0,1,2,0,2,0,3,목,219.0,10.0,0.0,0.0,0.0,64.0,57.0,0.0,98.0,0.0,1.0,4.0,4.0,242.0,219.25,False,3.6666666666666665
2025-08-29,6,1,6,0,0,0,0,1,3,0,2,0,4,금,267.0,13.0,0.0,0.0,0.0,56.0,143.0,0.0,68.0,0.0,2.0,3.0,6.0,241.14285714285714,224.55555555555554,False,3.4
2025-08-30,7,1,7,0,0,0,0,2,3,0,2,0,5,토,393.0,26.0,0.0,0.0,0.0,206.0,118.0,0.0,69.0,0.0,1.0,4.0,4.0,260.14285714285717,241.4,False,3.5
2025-08-31,8,1,7,1,0,0,0,2,3,1,2,0,6,일,549.0,34.0,0.0,0.0,0.0,188.0,156.0,108.0,97.0,0.0,0.0,,0.0,296.85714285714283,269.3636363636364,False,3.4
2025-09-01,8,1,7,1,0,0,0,3,2,1,2,0,0,월,435.0,28.0,0.0,0.0,0.0,200.0,61.0,140.0,34.0,0.0,0.0,,0.0,328.14285714285717,283.1666666666667,False,3.4
2025-09-02,8,0,7,1,0,0,0,3,2,1,2,0,1,화,400.0,27.0,0.0,0.0,0.0,227.0,70.0,58.0,45.0,0.0,1.0,5.0,5.0,352.57142857142856,292.15384615384613,False,3.6666666666666665
2025-09-03,8,0,7,1,0,0,0,3,2,1,2,0,2,수,368.0,22.0,0.0,0.0,0.0,172.0,55.0,69.0,72.0,0.0,0.0,,0.0,375.85714285714283,297.57142857142856,False,3.8
2025-09-04,8,0,7,1,0,0,0,3,2,1,2,0,3,목,344.0,17.0,0.0,0.0,0.0,160.0,64.0,54.0,66.0,0.0,0.0,,0.0,393.7142857142857,300.6666666666667,False,3.75
2025-09-05,8,1,7,1,1,0,0,2,2,1,2,0,4,금,499.0,27.0,140.0,0.0,0.0,183.0,62.0,57.0,57.0,0.0,0.0,,0.0,426.85714285714283,313.0625,False,4.5
2025-09-06,11,3,10,1,1,1,1,3,2,1,2,0,5,토,802.0,49.0,78.0,137.0,81.0,318.0,46.0,74.0,68.0,0.0,1.0,4.0,4.0,485.2857142857143,341.8235294117647,False,4.5
2025-09-07,11,0,10,1,1,1,1,3,2,1,2,0,6,일,774.0,48.0,76.0,108.0,107.0,279.0,89.0,70.0,45.0,0.0,0.0,,0.0,517.4285714285714,365.8333333333333,False,4.5
2025-09-08,11,1,9,2,1,1,1,3,2,2,1,0,0,월,456.0,29.0,24.0,52.0,78.0,157.0,46.0,70.0,29.0,0.0,1.0,5.0,5.0,520.4285714285714,370.57894736842104,False,4.666666666666667
2025-09-09,10,0,8,2,1,1,1,3,2,2,0,0,1,화,429.0,29.0,68.0,37.0,58.0,124.0,41.0,101.0,0.0,0.0,3.0,4.0,12.0,524.5714285714286,373.5,False,4.2
2025-09-10,10,0,8,2,1,1,1,3,2,2,0,0,2,수,466.0,29.0,49.0,53.0,58.0,181.0,47.0,78.0,0.0,0.0,2.0,4.5,9.0,538.5714285714286,377.9047619047619,False,4.285714285714286
2025-09-11,10,1,9,1,2,1,1,3,2,1,0,0,3,목,416.0,25.0,118.0,29.0,40.0,125.0,36.0,68.0,0.0,0.0,2.0,4.0,8.0,548.8571428571429,379.6363636363636,False,4.222222222222222
2025-09-12,10,1,9,1,2,1,1,3,2,1,0,0,4,금,666.0,48.0,142.0,30.0,62.0,348.0,49.0,35.0,0.0,0.0,1.0,4.0,4.0,572.7142857142857,392.0869565217391,False,4.2
2025-09-13,9,0,8,1,2,1,1,3,1,1,0,0,5,토,656.0,48.0,140.0,56.0,55.0,320.0,37.0,48.0,0.0,0.0,3.0,4.0,12.0,551.8571428571429,403.0833333333333,False,4.166666666666667
2025-09-14,10,1,9,1,2,1,1,3,1,1,1,0,6,일,588.0,38.0,174.0,55.0,51.0,208.0,26.0,44.0,30.0,0.0,3.0,3.3333333333333335,10.0,525.2857142857143,410.48,False,4.0
2025-09-15,10,0,9,1,2,1,1,3,1,1,1,0,0,월,581.0,37.0,126.0,34.0,52.0,205.0,19.0,24.0,121.0,0.0,2.0,4.5,9.0,543.1428571428571,417.03846153846155,False,4.0
2025-09-16,10,0,9,1,2,1,1,3,1,1,1,0,1,화,297.0,21.0,76.0,32.0,22.0,99.0,14.0,19.0,35.0,0.0,0.0,,0.0,524.2857142857143,412.5925925925926,False,4.0
2025-09-17,9,0,8,1,2,1,0,3,1,1,1,0,2,수,299.0,19.0,112.0,14.0,0.0,100.0,15.0,35.0,23.0,0.0,0.0,,0.0,500.42857142857144,408.5357142857143,False,3.909090909090909
2025-09-18,9,0,8,1,2,1,0,3,1,1,1,0,3,목,336.0,18.0,82.0,37.0,0.0,130.0,30.0,17.0,40.0,0.0,1.0,5.0,5.0,489.0,406.0344827586207,False,4.0
2025-09-19,10,1,9,1,2,1,0,3,1,1,1,1,4,금,522.0,29.0,115.0,59.0,0.0,177.0,31.0,22.0,56.0,62.0,0.0,,0.0,468.42857142857144,409.9,False,4.0
2025-09-20,10,0,9,1,2,1,0,3,1,1,1,1,5,토,509.0,29.0,101.0,55.0,0.0,159.0,26.0,35.0,58.0,75.0,1.0,4.0,4.0,447.42857142857144,424.8666666666667,False,4.0
2025-09-21,9,0,8,1,1,1,0,3,1,1,1,1,6,일,459.0,26.0,55.0,50.0,0.0,169.0,30.0,46.0,55.0,54.0,1.0,4.0,4.0,429.0,431.06666666666666,False,4.4
2025-09-22,9,2,7,2,1,2,0,2,0,1,2,1,0,월,353.0,22.0,20.0,105.0,0.0,111.0,0.0,19.0,64.0,34.0,1.0,4.0,4.0,396.42857142857144,434.1666666666667,False,4.25
2025-09-23,9,1,7,2,1,2,0,2,0,1,2,1,1,화,292.0,15.0,22.0,88.0,0.0,54.0,0.0,17.0,86.0,25.0,2.0,3.5,7.0,395.7142857142857,434.1666666666667,False,4.0
2025-09-24,8,0,7,1,1,2,0,2,0,0,2,1,2,수,381.0,21.0,30.0,149.0,0.0,121.0,0.0,0.0,62.0,19.0,1.0,4.0,4.0,407.42857142857144,439.6666666666667,False,4.0
2025-09-25,7,0,6,1,1,2,0,1,0,0,2,1,3,목,265.0,15.0,51.0,101.0,0.0,18.0,0.0,0.0,79.0,16.0,2.0,4.5,9.0,397.2857142857143,440.8666666666667,False,4.0
2025-09-26,7,0,6,1,1,2,0,1,0,0,2,1,4,금,314.0,16.0,47.0,101.0,0.0,70.0,0.0,0.0,73.0,23.0,1.0,3.0,3.0,367.57142857142856,444.5,False,3.888888888888889
2025-09-27,9,2,8,1,1,3,0,1,0,1,2,1,5,토,558.0,29.0,44.0,263.0,0.0,39.0,0.0,89.0,93.0,30.0,0.0,,0.0,374.57142857142856,455.8,False,3.875
2025-09-28,7,0,6,1,0,3,0,0,0,1,2,1,6,일,349.0,20.0,0.0,151.0,0.0,0.0,0.0,112.0,58.0,28.0,1.0,5.0,5.0,358.85714285714283,458.53333333333336,False,4.0
2025-09-29,7,0,6,1,0,3,0,0,0,1,2,1,0,월,271.0,14.0,0.0,180.0,0.0,0.0,0.0,42.0,23.0,26.0,0.0,,0.0,347.14285714285717,454.46666666666664,False,4.0
2025-09-30,8,2,6,2,0,3,0,0,0,1,4,0,1,화,336.0,14.0,0.0,107.0,0.0,0.0,0.0,60.0,169.0,0.0,0.0,,0.0,353.42857142857144,447.3666666666667,False,4.2
2025-10-01,8,0,6,2,0,3,0,0,0,1,4,0,2,수,300.0,15.0,0.0,93.0,0.0,0.0,0.0,98.0,109.0,0.0,0.0,,0.0,341.85714285714283,442.8666666666667,False,4.25
2025-10-02,8,0,6,2,0,3,0,0,0,1,4,0,3,목,281.0,13.0,0.0,113.0,0.0,0.0,0.0,47.0,121.0,0.0,0.0,,0.0,344.14285714285717,438.9,False,4.0
2025-10-03,8,1,7,1,0,3,1,0,0,1,3,0,4,금,363.0,17.0,0.0,97.0,91.0,0.0,0.0,62.0,113.0,0.0,1.0,4.0,4.0,351.14285714285717,438.73333333333335,False,4.5
2025-10-04,9,1,8,1,0,3,1,0,0,2,3,0,5,토,525.0,32.0,0.0,102.0,62.0,0.0,0.0,217.0,144.0,0.0,0.0,,0.0,346.42857142857144,444.76666666666665,False,4.5
2025-10-05,9,1,8,1,0,4,1,0,0,2,2,0,6,일,550.0,25.0,0.0,307.0,56.0,0.0,0.0,123.0,64.0,0.0,0.0,,0.0,375.14285714285717,446.46666666666664,False,4.0
2025-10-06,9,0,8,1,0,4,1,0,0,2,2,0,0,월,366.0,21.0,0.0,178.0,56.0,0.0,0.0,83.0,49.0,0.0,1.0,4.0,4.0,388.7142857142857,431.93333333333334,False,4.0
2025-10-07,9,0,8,1,0,4,1,0,0,2,2,0,1,화,266.0,13.0,0.0,141.0,21.0,0.0,0.0,51.0,53.0,0.0,2.0,3.0,6.0,378.7142857142857,415.0,False,3.5
2025-10-08,8,0,7,1,0,3,1,0,0,2,2,0,2,수,360.0,19.0,0.0,166.0,54.0,0.0,0.0,84.0,56.0,0.0,1.0,4.0,4.0,387.2857142857143,411.8,False,3.6
2025-10-09,9,1,8,1,0,3,2,0,0,2,2,0,3,목,376.0,25.0,0.0,85.0,130.0,0.0,0.0,116.0,45.0,0.0,2.0,3.5,7.0,400.85714285714283,410.03333333333336,False,3.5714285714285716
2025-10-10,11,2,10,1,1,3,2,0,1,2,2,0,4,금,580.0,33.0,162.0,144.0,95.0,0.0,47.0,90.0,42.0,0.0,1.0,4.0,4.0,431.85714285714283,413.8333333333333,False,3.5714285714285716
2025-10-11,13,3,12,1,1,3,3,0,2,2,1,1,5,토,959.0,51.0,160.0,167.0,238.0,0.0,236.0,59.0,19.0,80.0,0.0,,0.0,493.85714285714283,431.93333333333334,False,3.5714285714285716
2025-10-12,13,0,12,1,1,3,3,0,2,2,1,1,6,일,736.0,44.0,72.0,138.0,308.0,0.0,65.0,69.0,25.0,59.0,3.0,3.6666666666666665,11.0,520.4285714285714,434.26666666666665,False,3.6
2025-10-13,12,1,11,1,1,2,3,0,2,2,1,1,0,월,442.0,24.0,54.0,52.0,124.0,0.0,53.0,103.0,17.0,39.0,0.0,,0.0,531.2857142857143,427.1333333333333,False,3.5555555555555554
2025-10-14,13,1,12,1,1,3,3,0,2,2,1,1,1,화,523.0,31.0,41.0,107.0,128.0,0.0,73.0,125.0,31.0,18.0,1.0,4.0,4.0,568.0,424.96666666666664,False,3.75
2025-10-15,12,0,11,1,1,3,3,0,2,1,1,1,2,수,422.0,23.0,40.0,103.0,94.0,0.0,94.0,49.0,17.0,25.0,2.0,3.5,7.0,576.8571428571429,419.6666666666667,False,3.6666666666666665
2025-10-16,11,1,11,0,1,2,3,0,2,1,1,1,3,목,512.0,24.0,38.0,87.0,140.0,0.0,59.0,42.0,110.0,36.0,1.0,5.0,5.0,596.2857142857143,426.8333333333333,False,3.875
2025-10-17,12,1,12,0,1,2,4,0,2,1,1,1,4,금,667.0,39.0,47.0,96.0,224.0,0.0,79.0,73.0,92.0,56.0,1.0,5.0,5.0,608.7142857142857,439.1,False,4.0
2025-10-18,13,1,13,0,1,2,4,0,2,2,1,1,5,토,843.0,48.0,79.0,62.0,341.0,0.0,117.0,121.0,92.0,31.0,1.0,5.0,5.0,592.1428571428571,456.0,False,4.111111111111111
2025-10-19,12,1,12,0,1,1,3,0,2,3,1,1,6,일,782.0,43.0,52.0,71.0,213.0,0.0,93.0,235.0,80.0,38.0,4.0,3.75,15.0,598.7142857142857,464.6666666666667,False,4.1
2025-10-20,15,4,15,0,1,1,4,0,3,3,2,1,0,월,750.0,38.0,22.0,30.0,262.0,0.0,97.0,217.0,101.0,21.0,2.0,3.5,7.0,642.7142857142857,472.7,False,4.0
2025-10-21,17,2,17,0,1,1,5,0,3,4,2,1,1,화,863.0,50.0,41.0,44.0,291.0,0.0,130.0,243.0,96.0,18.0,2.0,3.5,7.0,691.2857142857143,486.1666666666667,False,3.923076923076923
2025-10-22,16,1,16,0,1,1,4,1,2,4,2,1,2,수,868.0,55.0,33.0,27.0,211.0,170.0,118.0,187.0,106.0,16.0,1.0,3.0,3.0,755.0,503.3333333333333,False,3.9166666666666665
2025-10-23,16,0,16,0,1,1,4,1,2,4,2,1,3,목,778.0,45.0,38.0,33.0,266.0,69.0,54.0,225.0,74.0,19.0,0.0,,0.0,793.0,519.5333333333333,False,3.8181818181818183
2025-10-24,16,0,16,0,1,1,4,1,2,4,2,1,4,금,796.0,46.0,42.0,47.0,232.0,138.0,80.0,127.0,101.0,29.0,1.0,5.0,5.0,811.4285714285714,533.3666666666667,False,3.8181818181818183
2025-10-25,15,0,15,0,1,0,4,1,2,4,2,1,5,토,988.0,60.0,50.0,0.0,327.0,136.0,106.0,259.0,75.0,35.0,1.0,5.0,5.0,832.1428571428571,557.4666666666667,False,3.8181818181818183
2025-10-26,15,1,14,1,1,0,4,1,1,5,2,1,6,일,897.0,55.0,47.0,0.0,318.0,63.0,28.0,375.0,50.0,16.0,1.0,4.0,4.0,848.5714285714286,576.9,False,3.875
2025-10-27,14,0,13,1,1,0,3,1,1,5,2,1,0,월,561.0,37.0,16.0,0.0,137.0,32.0,21.0,277.0,63.0,15.0,0.0,,0.0,821.5714285714286,577.0,False,4.0
2025-10-28,14,0,13,1,1,0,3,1,1,5,2,1,1,화,467.0,26.0,32.0,0.0,103.0,49.0,54.0,181.0,37.0,11.0,1.0,4.0,4.0,765.0,580.9333333333333,False,4.2
2025-10-29,14,0,13,1,1,0,3,1,1,5,2,1,2,수,529.0,30.0,23.0,0.0,138.0,18.0,36.0,243.0,54.0,17.0,1.0,4.0,4.0,716.5714285714286,589.5333333333333,False,4.4
2025-10-30,13,0,12,1,1,0,3,1,1,4,2,1,3,목,495.0,30.0,26.0,0.0,153.0,74.0,26.0,157.0,43.0,16.0,2.0,3.5,7.0,676.1428571428571,594.8333333333334,False,4.142857142857143
2025-10-31,12,0,11,1,0,0,3,1,1,4,2,1,4,금,501.0,28.0,0.0,0.0,96.0,66.0,38.0,231.0,46.0,24.0,2.0,3.0,6.0,634.0,601.5333333333333,False,3.75
2025-11-01,10,1,9,1,0,1,2,1,1,4,1,0,5,토,590.0,37.0,0.0,60.0,113.0,109.0,38.0,209.0,61.0,0.0,0.0,,0.0,577.1428571428571,611.8333333333334,False,3.5714285714285716
2025-11-02,9,1,8,1,0,1,2,0,1,4,1,0,6,일,575.0,30.0,0.0,145.0,163.0,0.0,42.0,189.0,36.0,0.0,5.0,4.0,20.0,531.1428571428571,618.9,False,3.727272727272727
2025-11-03,8,0,7,1,0,1,2,0,1,3,1,0,0,월,328.0,19.0,0.0,61.0,104.0,0.0,25.0,119.0,19.0,0.0,2.0,4.0,8.0,497.85714285714283,612.3333333333334,False,3.769230769230769
2025-11-04,9,2,7,2,0,1,3,0,0,4,1,0,1,화,374.0,26.0,0.0,47.0,137.0,0.0,0.0,168.0,22.0,0.0,0.0,,0.0,484.57142857142856,606.4666666666667,False,3.75
2025-11-05,8,0,6,2,0,1,2,0,0,4,1,0,2,수,358.0,22.0,0.0,30.0,125.0,0.0,0.0,186.0,17.0,0.0,1.0,3.0,3.0,460.14285714285717,606.2,False,3.6666666666666665
2025-11-06,8,0,6,2,0,1,2,0,0,4,1,0,3,목,322.0,16.0,0.0,24.0,123.0,0.0,0.0,128.0,47.0,0.0,1.0,4.0,4.0,435.42857142857144,608.0666666666667,False,3.727272727272727
2025-11-07,9,1,7,2,0,1,2,0,1,4,1,0,4,금,400.0,25.0,0.0,46.0,122.0,0.0,45.0,167.0,20.0,0.0,5.0,4.2,21.0,421.0,609.4,False,4.0
2025-11-08,11,3,8,3,0,1,3,1,1,3,1,1,5,토,837.0,48.0,0.0,48.0,227.0,106.0,74.0,251.0,29.0,102.0,0.0,,0.0,456.2857142857143,624.7666666666667,False,4.0
2025-11-09,11,0,8,3,0,1,3,1,1,3,1,1,6,일,688.0,44.0,0.0,29.0,269.0,64.0,59.0,189.0,33.0,45.0,4.0,4.25,17.0,472.42857142857144,628.3666666666667,False,4.076923076923077
2025-11-10,12,2,9,3,0,1,3,1,1,4,1,1,0,월,495.0,27.0,0.0,20.0,124.0,39.0,33.0,200.0,58.0,21.0,0.0,,0.0,496.2857142857143,612.9,False,4.090909090909091
2025-11-11,12,1,10,2,0,1,3,1,1,4,1,1,1,화,612.0,39.0,0.0,18.0,91.0,105.0,41.0,278.0,54.0,25.0,1.0,4.0,4.0,530.2857142857143,608.7666666666667,False,4.083333333333333
2025-11-12,13,1,11,2,0,1,3,1,1,4,1,2,2,수,642.0,37.0,0.0,18.0,146.0,53.0,30.0,243.0,89.0,63.0,1.0,4.0,4.0,570.8571428571429,615.4333333333333,False,4.166666666666667
2025-11-13,13,0,11,2,0,1,3,1,1,4,1,2,3,목,613.0,40.0,0.0,23.0,134.0,41.0,37.0,238.0,51.0,89.0,3.0,4.0,12.0,612.4285714285714,618.4333333333333,False,4.142857142857143
2025-11-14,13,1,11,2,1,1,3,1,1,3,1,2,4,금,655.0,39.0,131.0,38.0,97.0,56.0,48.0,171.0,54.0,60.0,2.0,3.5,7.0,648.8571428571429,626.2,False,4.0
2025-11-15,14,1,12,2,1,1,3,1,1,4,1,2,5,토,977.0,62.0,83.0,46.0,120.0,60.0,94.0,420.0,90.0,64.0,1.0,4.0,4.0,668.8571428571429,641.7,False,4.0
2025-11-16,15,1,13,2,1,1,3,1,1,4,2,2,6,일,832.0,53.0,42.0,35.0,138.0,32.0,35.0,346.0,114.0,90.0,1.0,4.0,4.0,689.4285714285714,647.2,False,3.888888888888889
2025-11-17,15,1,13,2,1,1,3,1,1,4,2,2,0,월,614.0,37.0,46.0,70.0,165.0,51.0,38.0,139.0,58.0,47.0,1.0,5.0,5.0,706.4285714285714,639.5666666666667,False,4.0
2025-11-18,15,0,13,2,1,1,3,1,1,4,2,2,1,화,524.0,30.0,56.0,47.0,93.0,32.0,25.0,147.0,71.0,53.0,3.0,4.0,12.0,693.8571428571429,630.9666666666667,False,4.0
2025-11-19,15,1,14,1,1,1,3,1,1,4,2,2,2,수,607.0,39.0,32.0,48.0,99.0,108.0,26.0,174.0,49.0,71.0,2.0,5.0,10.0,688.8571428571429,626.2,False,4.153846153846154
2025-11-20,14,0,13,1,1,1,3,1,1,3,2,2,3,목,557.0,33.0,66.0,31.0,73.0,147.0,24.0,102.0,72.0,42.0,3.0,4.333333333333333,13.0,680.8571428571429,616.0,False,4.230769230769231
2025-11-21,13,0,12,1,1,1,3,1,1,3,1,2,4,금,566.0,35.0,50.0,38.0,128.0,83.0,31.0,158.0,39.0,39.0,4.0,4.25,17.0,668.1428571428571,605.9333333333333,False,4.333333333333333
2025-11-22,15,2,13,2,1,1,4,1,1,3,2,2,5,토,779.0,44.0,38.0,40.0,205.0,92.0,32.0,174.0,169.0,29.0,2.0,4.0,8.0,639.8571428571429,605.9666666666667,False,4.3125
2025-11-23,15,1,13,2,1,2,4,1,0,3,2,2,6,일,834.0,43.0,54.0,139.0,253.0,58.0,0.0,131.0,94.0,105.0,3.0,4.333333333333333,13.0,640.1428571428571,607.2333333333333,False,4.333333333333333
2025-11-24,14,0,12,2,1,2,3,1,0,3,2,2,0,월,472.0,27.0,42.0,75.0,96.0,57.0,0.0,102.0,68.0,32.0,5.0,4.4,22.0,619.8571428571429,590.0333333333333,False,4.318181818181818
2025-11-25,15,2,14,1,2,3,2,1,0,3,2,2,1,화,575.0,31.0,131.0,148.0,41.0,32.0,0.0,109.0,67.0,47.0,6.0,3.1666666666666665,19.0,627.1428571428571,579.3,False,4.08
2025-11-26,15,1,14,1,2,3,2,1,0,2,3,2,2,수,601.0,33.0,67.0,151.0,80.0,41.0,0.0,59.0,175.0,28.0,2.0,3.5,7.0,626.2857142857143,580.6333333333333,False,3.96
2025-11-27,14,1,13,1,2,4,2,1,0,1,2,2,3,목,456.0,25.0,108.0,162.0,54.0,25.0,0.0,19.0,47.0,41.0,2.0,4.0,8.0,611.8571428571429,580.2666666666667,False,3.9166666666666665
2025-11-28,15,1,14,1,2,4,3,1,0,1,2,2,4,금,814.0,43.0,141.0,295.0,143.0,20.0,0.0,31.0,133.0,51.0,1.0,4.0,4.0,647.2857142857143,589.7666666666667,False,3.857142857142857
2025-11-29,14,1,13,1,2,5,3,1,0,1,2,0,5,토,1048.0,63.0,215.0,442.0,154.0,47.0,0.0,98.0,92.0,0.0,3.0,4.0,12.0,685.7142857142857,608.2,False,3.8636363636363638
2025-11-30,13,0,12,1,1,5,3,1,0,1,2,0,6,일,659.0,34.0,45.0,294.0,112.0,42.0,0.0,49.0,117.0,0.0,4.0,4.0,16.0,660.7142857142857,613.4666666666667,False,3.8260869565217392
2025-12-01,12,0,11,1,1,5,3,1,0,0,2,0,0,월,416.0,23.0,29.0,185.0,115.0,30.0,0.0,0.0,57.0,0.0,1.0,4.0,4.0,652.7142857142857,607.6666666666666,False,3.6842105263157894
2025-12-02,13,1,12,1,1,5,3,2,0,0,2,0,1,화,396.0,23.0,31.0,161.0,94.0,79.0,0.0,0.0,31.0,0.0,2.0,3.5,7.0,627.1428571428571,601.7,False,3.8666666666666667
2025-12-03,14,2,13,1,1,6,2,2,1,0,2,0,2,수,655.0,35.0,39.0,198.0,65.0,150.0,150.0,0.0,53.0,0.0,1.0,4.0,4.0,634.8571428571429,612.6,False,3.9285714285714284
2025-12-04,13,1,11,2,1,4,2,2,1,0,3,0,3,목,663.0,38.0,42.0,190.0,84.0,202.0,75.0,0.0,70.0,0.0,5.0,4.4,22.0,664.4285714285714,622.2333333333333,False,4.0588235294117645
2025-12-05,12,0,10,2,1,4,2,1,1,0,3,0,4,금,624.0,31.0,51.0,211.0,33.0,140.0,92.0,0.0,97.0,0.0,2.0,4.0,8.0,637.2857142857143,631.1,False,4.055555555555555
2025-12-06,10,0,8,2,0,3,2,1,1,0,3,0,5,토,498.0,23.0,0.0,156.0,83.0,126.0,28.0,0.0,105.0,0.0,3.0,3.6666666666666665,11.0,558.7142857142857,636.9666666666667,False,4.0
2025-12-07,11,1,9,2,0,4,2,1,1,0,3,0,6,일,606.0,36.0,0.0,249.0,70.0,129.0,63.0,0.0,95.0,0.0,2.0,4.0,8.0,551.1428571428571,643.8333333333334,False,4.0
2025-12-08,11,1,8,3,0,4,2,1,1,0,3,0,0,월,431.0,23.0,0.0,175.0,54.0,63.0,29.0,0.0,110.0,0.0,0.0,,0.0,553.2857142857143,630.3,False,4.0
2025-12-09,12,1,9,3,1,4,2,1,1,0,3,0,1,화,362.0,21.0,53.0,106.0,46.0,43.0,46.0,0.0,68.0,0.0,1.0,4.0,4.0,548.4285714285714,619.4333333333333,False,4.071428571428571
2025-12-10,12,1,8,4,1,3,3,1,1,0,3,0,2,수,512.0,31.0,71.0,117.0,93.0,104.0,34.0,0.0,93.0,0.0,4.0,4.25,17.0,528.0,620.0,False,4.117647058823529
2025-12-11,14,2,10,4,1,3,3,3,1,0,3,0,3,목,673.0,37.0,44.0,79.0,122.0,331.0,27.0,0.0,70.0,0.0,2.0,3.5,7.0,529.4285714285714,622.0333333333333,False,3.9285714285714284
2025-12-12,16,2,12,4,1,3,3,3,3,0,3,0,4,금,978.0,54.0,63.0,144.0,148.0,354.0,160.0,0.0,109.0,0.0,2.0,4.0,8.0,580.0,633.2333333333333,False,3.9285714285714284
2025-12-13,14,1,11,3,2,2,2,3,3,0,2,0,5,토,807.0,53.0,109.0,116.0,110.0,240.0,187.0,0.0,45.0,0.0,1.0,5.0,5.0,624.1428571428571,639.7,False,4.083333333333333
2025-12-14,13,0,10,3,2,1,2,3,3,0,2,0,6,일,787.0,46.0,105.0,98.0,109.0,211.0,200.0,0.0,64.0,0.0,1.0,4.0,4.0,650.0,644.1,False,4.090909090909091
2025-12-15,11,0,9,2,2,1,1,3,3,0,1,0,0,월,464.0,29.0,96.0,32.0,43.0,164.0,118.0,0.0,11.0,0.0,0.0,,0.0,654.7142857142857,627.0,False,4.090909090909091
2025-12-16,12,1,10,2,2,1,1,3,3,1,1,0,1,화,444.0,28.0,84.0,17.0,22.0,107.0,78.0,124.0,12.0,0.0,0.0,,0.0,666.4285714285714,614.0666666666667,False,4.1
2025-12-17,12,0,10,2,2,1,1,3,3,1,1,0,2,수,520.0,30.0,94.0,21.0,29.0,189.0,104.0,64.0,19.0,0.0,2.0,5.0,10.0,667.5714285714286,610.9333333333333,False,4.25
2025-12-18,14,2,12,2,2,2,2,3,3,1,1,0,3,목,566.0,36.0,69.0,78.0,93.0,140.0,79.0,91.0,16.0,0.0,2.0,3.5,7.0,652.2857142857143,612.3333333333334,False,4.25
2025-12-19,13,2,12,1,2,2,3,3,2,1,0,0,4,금,664.0,41.0,74.0,84.0,193.0,180.0,68.0,65.0,0.0,0.0,1.0,4.0,4.0,607.4285714285714,614.2333333333333,False,4.285714285714286
2025-12-20,15,2,14,1,2,3,3,4,2,1,0,0,5,토,1278.0,87.0,109.0,328.0,188.0,483.0,88.0,82.0,0.0,0.0,1.0,3.0,3.0,674.7142857142857,638.2666666666667,False,4.0
2025-12-21,16,1,15,1,3,3,3,4,2,1,0,0,6,일,1230.0,76.0,171.0,202.0,181.0,503.0,129.0,44.0,0.0,0.0,4.0,4.25,17.0,738.0,660.4,False,4.1
2025-12-22,17,1,15,2,3,3,4,4,2,1,0,0,0,월,776.0,47.0,87.0,104.0,205.0,299.0,31.0,50.0,0.0,0.0,4.0,4.5,18.0,782.5714285714286,660.3,False,4.214285714285714
2025-12-23,17,1,15,2,3,2,4,4,3,1,0,0,1,화,732.0,43.0,125.0,96.0,213.0,170.0,74.0,54.0,0.0,0.0,1.0,4.0,4.0,823.7142857142857,656.9,False,4.2
2025-12-24,19,2,17,2,3,3,4,5,3,1,0,0,2,수,811.0,46.0,120.0,146.0,225.0,180.0,117.0,23.0,0.0,0.0,2.0,4.0,8.0,865.2857142857143,668.2,False,4.066666666666666
2025-12-25,19,2,18,1,3,2,3,5,4,1,0,1,3,목,878.0,53.0,85.0,100.0,145.0,280.0,141.0,55.0,0.0,72.0,3.0,4.0,12.0,909.8571428571429,678.3,False,4.125
2025-12-26,19,1,18,1,2,2,3,6,4,1,0,1,4,금,1137.0,73.0,120.0,144.0,162.0,468.0,135.0,37.0,0.0,71.0,3.0,4.333333333333333,13.0,977.4285714285714,696.1666666666666,False,4.166666666666667
2025-12-27,19,0,18,1,2,2,3,6,4,1,0,1,5,토,1378.0,88.0,113.0,158.0,247.0,538.0,150.0,100.0,0.0,72.0,0.0,,0.0,991.7142857142857,726.9,False,4.235294117647059
2025-12-28,21,2,18,3,2,2,3,7,5,1,0,1,6,일,1395.0,91.0,111.0,81.0,195.0,713.0,190.0,64.0,0.0,41.0,3.0,3.6666666666666665,11.0,1015.2857142857143,746.2666666666667,False,4.125
2025-12-29,19,0,16,3,1,2,3,7,4,1,0,1,0,월,971.0,61.0,78.0,102.0,128.0,435.0,159.0,42.0,0.0,27.0,3.0,3.6666666666666665,11.0,1043.142857142857,743.7,False,3.933333333333333
2025-12-30,18,1,15,3,1,2,2,6,5,1,0,1,1,화,640.0,40.0,50.0,50.0,67.0,254.0,169.0,30.0,0.0,20.0,1.0,4.0,4.0,1030.0,743.0666666666667,False,3.933333333333333
2025-12-31,19,1,16,3,1,2,2,7,5,1,0,1,2,수,953.0,57.0,35.0,87.0,82.0,406.0,216.0,85.0,0.0,42.0,3.0,3.6666666666666665,11.0,1050.2857142857142,760.9666666666667,False,3.875
2026-01-01,19,0,16,3,1,2,2,7,5,1,0,1,3,목,843.0,51.0,38.0,75.0,54.0,413.0,176.0,30.0,0.0,57.0,4.0,4.25,17.0,1045.2857142857142,775.8666666666667,False,3.9411764705882355
2026-01-02,17,1,15,2,1,3,0,7,5,0,0,1,4,금,820.0,50.0,33.0,145.0,0.0,395.0,153.0,0.0,0.0,94.0,2.0,4.5,9.0,1000.0,781.3666666666667,False,3.9375
2026-01-03,16,0,14,2,1,3,0,7,4,0,0,1,5,토,901.0,58.0,40.0,127.0,0.0,513.0,181.0,0.0,0.0,40.0,4.0,3.75,15.0,931.8571428571429,789.3,False,3.9
2026-01-04,16,0,14,2,1,3,0,7,4,0,0,1,6,일,949.0,59.0,44.0,187.0,0.0,508.0,173.0,0.0,0.0,37.0,3.0,4.333333333333333,13.0,868.1428571428571,800.1333333333333,False,4.0
2026-01-05,16,1,14,2,1,3,0,8,3,0,0,1,0,월,620.0,41.0,30.0,85.0,0.0,400.0,83.0,0.0,0.0,22.0,2.0,4.0,8.0,818.0,804.2,False,4.052631578947368
2026-01-06,12,0,10,2,0,2,0,6,3,0,0,1,1,화,383.0,27.0,0.0,35.0,0.0,261.0,64.0,0.0,0.0,23.0,2.0,4.5,9.0,781.2857142857143,796.7666666666667,False,4.1
2026-01-07,13,1,11,2,0,2,0,6,3,0,1,1,2,수,429.0,27.0,0.0,83.0,0.0,229.0,62.0,0.0,39.0,16.0,1.0,5.0,5.0,706.4285714285714,796.7,False,4.222222222222222
2026-01-08,12,0,10,2,0,2,0,5,3,0,1,1,3,목,371.0,22.0,0.0,42.0,0.0,200.0,80.0,0.0,27.0,22.0,0.0,,0.0,639.0,797.0,False,4.214285714285714
2026-01-09,12,0,10,2,0,2,0,5,3,0,1,1,4,금,553.0,36.0,0.0,82.0,0.0,304.0,84.0,0.0,62.0,21.0,3.0,4.333333333333333,13.0,600.8571428571429,798.3666666666667,False,4.2
2026-01-10,12,1,10,2,0,1,0,5,3,0,2,1,5,토,662.0,41.0,0.0,39.0,0.0,316.0,89.0,0.0,189.0,29.0,3.0,4.333333333333333,13.0,566.7142857142857,798.0,False,4.357142857142857
2026-01-11,13,2,11,2,0,2,0,5,2,0,2,2,6,일,652.0,42.0,0.0,134.0,0.0,288.0,56.0,0.0,84.0,90.0,1.0,4.0,4.0,524.2857142857143,787.1333333333333,False,4.333333333333333
2026-01-12,13,1,10,3,0,2,0,4,2,0,3,2,0,월,492.0,28.0,0.0,59.0,0.0,178.0,39.0,0.0,114.0,102.0,2.0,3.5,7.0,506.0,776.6333333333333,False,4.25
2026-01-13,12,1,9,3,0,1,0,4,1,1,3,2,1,화,582.0,37.0,0.0,56.0,0.0,219.0,24.0,118.0,86.0,79.0,3.0,4.333333333333333,13.0,534.4285714285714,769.8,False,4.230769230769231
2026-01-14,15,3,12,3,1,1,0,6,1,1,3,2,2,수,715.0,45.0,66.0,72.0,0.0,360.0,21.0,47.0,92.0,57.0,4.0,4.25,17.0,575.2857142857143,778.1666666666666,False,4.1875
2026-01-15,12,0,9,3,1,1,0,4,1,1,3,1,3,목,522.0,35.0,70.0,70.0,0.0,207.0,28.0,43.0,73.0,31.0,1.0,5.0,5.0,596.8571428571429,780.7666666666667,False,4.235294117647059
2026-01-16,11,0,8,3,1,1,0,4,0,1,3,1,4,금,659.0,39.0,65.0,27.0,0.0,299.0,0.0,87.0,134.0,47.0,4.0,4.0,16.0,612.0,785.4,False,4.166666666666667
2026-01-17,12,1,9,3,1,1,0,5,0,1,3,1,5,토,784.0,45.0,122.0,75.0,0.0,351.0,0.0,89.0,104.0,43.0,3.0,4.666666666666667,14.0,629.4285714285714,792.6666666666666,False,4.222222222222222
2026-01-18,13,1,10,3,1,1,0,6,0,1,3,1,6,일,933.0,60.0,143.0,28.0,0.0,556.0,0.0,50.0,123.0,33.0,4.0,4.5,18.0,669.5714285714286,801.6333333333333,False,4.285714285714286
2026-01-19,14,1,11,3,1,1,0,6,0,1,4,1,0,월,563.0,36.0,34.0,14.0,0.0,330.0,0.0,44.0,112.0,29.0,4.0,4.0,16.0,679.7142857142857,777.8,False,4.304347826086956
2026-01-20,14,0,11,3,1,1,0,6,0,1,4,1,1,화,672.0,42.0,51.0,41.0,0.0,358.0,0.0,41.0,155.0,26.0,5.0,3.8,19.0,692.5714285714286,759.2,False,4.2
2026-01-21,14,0,11,3,1,1,0,6,0,1,4,1,2,수,572.0,37.0,62.0,24.0,0.0,323.0,0.0,21.0,124.0,18.0,2.0,3.5,7.0,672.1428571428571,752.4,False,4.130434782608695
2026-01-22,11,0,8,3,1,1,0,5,0,1,3,0,3,목,492.0,35.0,39.0,41.0,0.0,252.0,0.0,53.0,107.0,0.0,0.0,,0.0,667.8571428571429,744.4,False,4.090909090909091
2026-01-23,11,1,8,3,1,1,0,5,0,1,3,0,4,금,604.0,36.0,30.0,47.0,0.0,345.0,0.0,49.0,133.0,0.0,1.0,4.0,4.0,660.0,737.5,False,4.105263157894737
2026-01-24,12,1,9,3,1,1,1,5,0,1,3,0,5,토,904.0,54.0,85.0,51.0,149.0,441.0,0.0,52.0,126.0,0.0,2.0,4.5,9.0,677.1428571428571,738.3666666666667,False,4.055555555555555
2026-01-25,13,1,10,3,1,1,1,5,0,2,3,0,6,일,790.0,48.0,30.0,37.0,95.0,315.0,0.0,197.0,116.0,0.0,2.0,4.0,8.0,656.7142857142857,726.8,False,3.9375
2026-01-26,13,1,9,4,1,1,1,5,1,2,2,0,0,월,557.0,36.0,61.0,17.0,39.0,241.0,40.0,100.0,59.0,0.0,3.0,4.333333333333333,13.0,655.8571428571429,699.4333333333333,False,4.0
2026-01-27,13,1,9,4,1,0,1,5,1,2,3,0,1,화,438.0,24.0,25.0,0.0,44.0,141.0,37.0,83.0,108.0,0.0,2.0,4.0,8.0,622.4285714285714,667.5333333333333,False,4.083333333333333
2026-01-28,13,1,10,3,1,0,2,5,1,2,2,0,2,수,613.0,40.0,20.0,0.0,189.0,261.0,28.0,58.0,57.0,0.0,1.0,5.0,5.0,628.2857142857143,655.6,False,4.2727272727272725
2026-01-29,11,0,8,3,0,0,2,4,1,2,2,0,3,목,552.0,34.0,0.0,0.0,118.0,158.0,86.0,120.0,70.0,0.0,3.0,4.333333333333333,13.0,636.8571428571429,652.6666666666666,False,4.285714285714286
2026-01-30,12,2,9,3,0,0,2,3,1,4,2,0,4,금,759.0,44.0,0.0,0.0,98.0,149.0,56.0,376.0,80.0,0.0,2.0,5.0,10.0,659.0,646.2,False,4.4
2026-01-31,12,0,9,3,0,0,2,3,1,4,2,0,5,토,846.0,53.0,0.0,0.0,105.0,153.0,68.0,416.0,104.0,0.0,2.0,3.0,6.0,650.7142857142857,646.3,False,4.2
2026-02-01,12,0,9,3,0,0,2,3,1,4,2,0,6,일,813.0,56.0,0.0,0.0,114.0,132.0,43.0,445.0,79.0,0.0,2.0,4.0,8.0,654.0,646.0666666666667,False,4.2
2026-02-02,15,3,11,4,0,0,2,3,1,6,2,1,0,월,766.0,50.0,0.0,0.0,64.0,84.0,74.0,454.0,48.0,42.0,3.0,4.333333333333333,13.0,683.8571428571429,641.5666666666667,False,4.2
2026-02-03,14,1,11,3,0,0,2,2,1,5,3,1,1,화,721.0,41.0,0.0,0.0,56.0,66.0,19.0,328.0,213.0,39.0,1.0,3.0,3.0,724.2857142857143,633.9666666666667,False,4.142857142857143
2026-02-04,15,2,11,4,0,1,2,2,1,6,2,1,2,수,846.0,51.0,0.0,130.0,97.0,86.0,17.0,367.0,55.0,94.0,3.0,4.0,12.0,757.5714285714286,641.5,False,4.0625
2026-02-05,17,2,13,4,0,1,2,4,1,6,2,1,3,목,1185.0,72.0,0.0,210.0,80.0,320.0,68.0,358.0,119.0,30.0,4.0,4.25,17.0,848.0,668.2333333333333,False,4.0588235294117645
2026-02-06,17,0,13,4,0,1,2,4,1,6,2,1,4,금,1132.0,69.0,0.0,56.0,61.0,314.0,22.0,538.0,89.0,52.0,4.0,5.0,20.0,901.2857142857143,691.6666666666666,False,4.157894736842105
2026-02-07,16,0,12,4,0,1,2,4,1,6,1,1,5,토,1063.0,66.0,0.0,85.0,77.0,287.0,36.0,470.0,52.0,56.0,0.0,,0.0,932.2857142857143,714.7333333333333,False,4.294117647058823
2026-02-08,16,0,12,4,0,1,2,4,1,6,1,1,6,일,1001.0,65.0,0.0,49.0,60.0,249.0,28.0,483.0,86.0,46.0,1.0,4.0,4.0,959.1428571428571,729.6666666666666,False,4.3125
2026-02-09,15,1,11,4,0,1,1,3,1,6,1,2,0,월,682.0,45.0,0.0,61.0,17.0,169.0,29.0,259.0,42.0,105.0,1.0,3.0,3.0,947.1428571428571,730.3333333333334,False,4.214285714285714
2026-02-10,16,2,12,4,0,1,1,3,1,7,1,2,1,화,599.0,36.0,0.0,25.0,30.0,131.0,21.0,304.0,20.0,68.0,4.0,5.0,20.0,929.7142857142857,728.5666666666667,False,4.470588235294118
2026-02-11,16,1,12,4,0,1,1,3,1,6,1,3,2,수,656.0,39.0,0.0,54.0,23.0,112.0,31.0,275.0,20.0,141.0,3.0,3.3333333333333335,10.0,902.5714285714286,734.0333333333333,False,4.352941176470588
2026-02-12,20,5,17,3,1,2,3,4,0,6,1,3,3,목,997.0,59.0,60.0,113.0,241.0,250.0,0.0,216.0,36.0,81.0,4.0,4.25,17.0,875.7142857142857,747.8666666666667,False,4.352941176470588
2026-02-13,21,2,19,2,1,2,4,4,0,6,1,3,4,금,1293.0,80.0,109.0,117.0,277.0,285.0,0.0,317.0,26.0,162.0,6.0,4.0,24.0,898.7142857142857,767.1333333333333,False,4.105263157894737
2026-02-14,21,0,19,2,1,2,4,4,0,6,1,3,5,토,1462.0,89.0,90.0,120.0,315.0,377.0,0.0,398.0,52.0,110.0,2.0,3.5,7.0,955.7142857142857,798.4666666666667,False,4.0476190476190474
2026-02-15,20,0,19,1,1,2,4,4,0,5,1,3,6,일,1267.0,77.0,101.0,103.0,308.0,330.0,0.0,293.0,48.0,84.0,4.0,4.25,17.0,993.7142857142857,818.7333333333333,False,4.083333333333333
2026-02-16,19,1,18,1,1,2,4,3,0,5,1,3,0,월,993.0,65.0,56.0,120.0,148.0,152.0,0.0,419.0,21.0,77.0,2.0,4.5,9.0,1038.142857142857,825.7,False,4.16
2026-02-17,18,1,17,1,1,2,4,3,0,3,2,3,1,화,715.0,41.0,55.0,63.0,158.0,141.0,0.0,168.0,54.0,76.0,5.0,3.6,18.0,1054.7142857142858,818.4333333333333,False,3.923076923076923
2026-02-18,17,1,17,0,1,2,4,3,0,2,2,3,2,수,681.0,41.0,29.0,70.0,185.0,141.0,0.0,107.0,54.0,95.0,2.0,4.5,9.0,1058.2857142857142,822.3666666666667,False,4.04
2026-02-19,19,2,19,0,1,2,4,3,1,2,3,3,3,목,868.0,53.0,24.0,59.0,132.0,216.0,45.0,136.0,134.0,122.0,5.0,4.6,23.0,1039.857142857143,828.9,False,4.115384615384615
2026-02-20,20,1,20,0,1,2,4,3,1,2,3,4,4,금,957.0,49.0,31.0,66.0,182.0,176.0,65.0,101.0,177.0,159.0,0.0,,0.0,991.8571428571429,841.7333333333333,False,4.15
2026-02-21,22,3,22,0,3,3,4,2,1,2,3,4,5,토,1403.0,78.0,315.0,206.0,212.0,95.0,46.0,137.0,231.0,161.0,1.0,4.0,4.0,983.4285714285714,872.1,False,4.2105263157894735
2026-02-22,22,0,22,0,3,3,4,2,1,2,3,4,6,일,1088.0,55.0,231.0,139.0,149.0,94.0,83.0,102.0,129.0,161.0,1.0,4.0,4.0,957.8571428571429,888.2333333333333,False,4.1875
2026-02-23,22,2,22,0,3,3,3,2,1,2,4,4,0,월,858.0,50.0,208.0,89.0,109.0,94.0,32.0,89.0,134.0,103.0,2.0,4.0,8.0,938.5714285714286,886.7,False,4.125
2026-02-24,23,1,23,0,3,3,3,2,1,2,5,4,1,화,835.0,46.0,134.0,93.0,101.0,139.0,27.0,61.0,206.0,74.0,3.0,4.666666666666667,14.0,955.7142857142857,888.2,False,4.428571428571429
2026-02-25,23,0,23,0,3,3,3,2,1,2,5,4,2,수,1014.0,51.0,156.0,97.0,118.0,87.0,77.0,86.0,295.0,98.0,2.0,3.5,7.0,1003.2857142857143,903.4333333333333,False,4.285714285714286
2026-02-26,24,2,24,0,5,3,3,2,1,2,5,3,3,목,994.0,60.0,334.0,95.0,108.0,115.0,24.0,88.0,176.0,54.0,1.0,5.0,5.0,1021.2857142857143,921.9666666666667,False,4.2
2026-02-27,23,1,23,0,5,3,3,3,1,1,5,2,4,금,1199.0,72.0,296.0,78.0,138.0,271.0,26.0,111.0,215.0,64.0,1.0,4.0,4.0,1055.857142857143,941.5,False,4.181818181818182
2026-02-28,23,1,23,0,5,3,3,3,1,1,5,2,5,토,1390.0,76.0,292.0,115.0,208.0,344.0,32.0,72.0,259.0,68.0,2.0,4.0,8.0,1054.0,969.4333333333333,False,4.166666666666667
2026-03-01,22,0,22,0,5,3,3,3,1,1,4,2,6,일,1247.0,71.0,321.0,129.0,198.0,237.0,58.0,44.0,187.0,73.0,1.0,4.0,4.0,1076.7142857142858,985.7,False,4.166666666666667
2026-03-02,22,2,22,0,6,3,3,2,2,1,3,2,0,월,892.0,51.0,288.0,103.0,131.0,129.0,76.0,47.0,61.0,57.0,3.0,4.333333333333333,13.0,1081.5714285714287,987.2333333333333,False,4.230769230769231
2026-03-03,24,2,24,0,7,3,4,2,2,1,3,2,1,화,1015.0,57.0,424.0,91.0,160.0,67.0,83.0,46.0,77.0,67.0,3.0,4.333333333333333,13.0,1107.2857142857142,993.9666666666667,False,4.153846153846154
2026-03-04,24,0,24,0,7,3,4,2,2,1,3,2,2,수,899.0,50.0,304.0,81.0,144.0,109.0,61.0,66.0,76.0,58.0,5.0,4.6,23.0,1090.857142857143,998.4,False,4.375
2026-03-05,22,1,22,0,7,3,3,3,2,0,3,1,3,목,956.0,57.0,305.0,101.0,130.0,205.0,96.0,0.0,100.0,19.0,1.0,5.0,5.0,1085.4285714285713,1006.2333333333333,False,4.375
2026-03-06,22,2,22,0,7,3,3,3,2,0,3,1,4,금,1053.0,62.0,342.0,79.0,170.0,249.0,101.0,0.0,83.0,29.0,3.0,4.666666666666667,14.0,1064.5714285714287,1013.1333333333333,False,4.444444444444445
2026-03-07,21,0,21,0,7,2,3,3,2,0,3,1,5,토,1260.0,71.0,432.0,68.0,207.0,283.0,144.0,0.0,87.0,39.0,7.0,4.285714285714286,30.0,1046.0,1015.6333333333333,False,4.434782608695652
2026-03-08,23,2,22,1,8,2,3,3,2,0,4,1,6,일,1404.0,83.0,596.0,68.0,183.0,261.0,98.0,0.0,166.0,32.0,4.0,4.75,19.0,1068.4285714285713,1024.7,False,4.5
2026-03-09,24,2,22,2,8,2,3,4,2,1,4,0,0,월,1016.0,63.0,303.0,30.0,109.0,301.0,53.0,127.0,93.0,0.0,1.0,4.0,4.0,1086.142857142857,1023.1333333333333,False,4.5
2026-03-10,22,2,20,2,7,2,2,3,2,1,4,1,1,화,838.0,51.0,290.0,96.0,74.0,122.0,65.0,50.0,107.0,34.0,5.0,3.8,19.0,1060.857142857143,1017.7,False,4.384615384615385
2026-03-11,24,2,22,2,8,2,2,3,2,1,5,1,2,수,945.0,52.0,294.0,65.0,61.0,194.0,58.0,46.0,167.0,60.0,2.0,4.5,9.0,1067.4285714285713,1026.4666666666667,False,4.3478260869565215
2026-03-12,22,0,20,2,8,2,2,3,2,1,3,1,3,목,1100.0,62.0,485.0,60.0,72.0,196.0,82.0,50.0,113.0,42.0,1.0,4.0,4.0,1088.0,1043.1666666666667,False,4.304347826086956
2026-03-13,23,2,20,3,8,2,2,3,1,1,4,2,4,금,1212.0,75.0,381.0,110.0,80.0,206.0,39.0,59.0,215.0,122.0,5.0,4.0,20.0,1110.7142857142858,1061.7,False,4.2
2026-03-14,25,3,21,4,7,2,2,5,1,1,5,2,5,토,1548.0,95.0,337.0,90.0,75.0,553.0,64.0,86.0,210.0,133.0,7.0,4.0,28.0,1151.857142857143,1080.0666666666666,False,4.12
2026-03-15,24,1,20,4,6,1,2,5,1,1,6,2,6,일,1406.0,86.0,331.0,34.0,129.0,437.0,21.0,63.0,259.0,132.0,5.0,4.0,20.0,1152.142857142857,1083.8333333333333,False,4.0
2026-03-16,24,1,20,4,6,1,2,4,1,1,7,2,0,월,1042.0,63.0,218.0,14.0,84.0,326.0,19.0,34.0,249.0,98.0,0.0,,0.0,1155.857142857143,1069.8333333333333,False,4.0
2026-03-17,25,1,21,4,6,1,2,4,2,1,7,2,1,화,929.0,52.0,200.0,24.0,84.0,179.0,106.0,36.0,216.0,84.0,4.0,4.25,17.0,1168.857142857143,1058.5666666666666,False,4.083333333333333
2026-03-18,27,4,22,5,5,3,1,4,2,2,8,2,2,수,1004.0,56.0,148.0,181.0,51.0,147.0,70.0,155.0,202.0,50.0,2.0,4.0,8.0,1177.2857142857142,1058.9333333333334,False,4.041666666666667
2026-03-19,26,1,20,6,3,4,1,4,2,2,8,2,3,목,1141.0,61.0,137.0,343.0,24.0,162.0,57.0,92.0,219.0,107.0,2.0,4.0,8.0,1183.142857142857,1073.1333333333334,False,4.04
2026-03-20,25,0,19,6,3,4,1,4,2,2,7,2,4,금,1287.0,78.0,120.0,372.0,48.0,254.0,68.0,153.0,207.0,65.0,5.0,4.2,21.0,1193.857142857143,1093.3333333333333,False,4.08
2026-03-21,24,1,18,6,3,4,0,4,2,2,7,2,5,토,1421.0,74.0,151.0,235.0,0.0,256.0,273.0,117.0,323.0,66.0,2.0,4.5,9.0,1175.7142857142858,1111.7666666666667,False,4.15
2026-03-22,24,3,18,6,3,4,0,3,2,3,6,3,6,일,1329.0,74.0,205.0,213.0,0.0,157.0,102.0,217.0,280.0,155.0,3.0,4.0,12.0,1164.7142857142858,1124.1666666666667,False,4.166666666666667
2026-03-23,24,1,18,6,2,4,1,3,2,3,6,3,0,월,972.0,50.0,115.0,170.0,71.0,84.0,134.0,150.0,144.0,104.0,2.0,4.0,8.0,1154.7142857142858,1109.8,False,4.15
2026-03-24,24,1,18,6,1,4,2,3,2,3,6,3,1,화,899.0,54.0,63.0,114.0,193.0,111.0,70.0,107.0,172.0,69.0,8.0,4.375,35.0,1150.4285714285713,1103.5,False,4.208333333333333
2026-03-25,22,0,17,5,1,4,2,2,2,2,6,3,2,수,863.0,44.0,50.0,171.0,74.0,94.0,119.0,102.0,148.0,105.0,2.0,4.0,8.0,1130.2857142857142,1103.6666666666667,False,4.208333333333333
2026-03-26,21,1,16,5,1,3,3,2,2,2,6,2,3,목,976.0,56.0,56.0,179.0,193.0,120.0,59.0,135.0,130.0,104.0,0.0,,0.0,1106.7142857142858,1108.3666666666666,False,4.2272727272727275
2026-03-27,27,6,19,8,2,5,4,2,2,3,7,2,4,금,1581.0,87.0,174.0,324.0,366.0,125.0,89.0,198.0,235.0,70.0,5.0,4.4,22.0,1148.7142857142858,1127.2666666666667,False,4.2727272727272725
2026-03-28,30,3,22,8,2,5,5,3,2,4,7,2,5,토,2059.0,118.0,214.0,269.0,436.0,433.0,91.0,318.0,230.0,68.0,3.0,4.333333333333333,13.0,1239.857142857143,1162.7666666666667,False,4.260869565217392
2026-03-29,27,0,21,6,2,5,5,3,2,3,6,1,6,일,1537.0,89.0,126.0,199.0,402.0,242.0,70.0,279.0,178.0,41.0,4.0,3.75,15.0,1269.5714285714287,1174.0333333333333,False,4.208333333333333
2026-03-30,27,2,22,5,2,4,5,2,3,3,7,1,0,월,1195.0,69.0,83.0,144.0,240.0,144.0,182.0,126.0,238.0,38.0,2.0,4.0,8.0,1301.4285714285713,1167.5333333333333,False,4.208333333333333
2026-03-31,28,2,22,6,2,4,5,2,3,3,7,2,1,화,1223.0,72.0,99.0,177.0,218.0,126.0,128.0,180.0,198.0,97.0,3.0,4.666666666666667,14.0,1347.7142857142858,1166.7333333333333,False,4.2105263157894735
2026-04-01,29,2,23,6,2,4,5,2,2,4,7,3,2,수,1253.0,72.0,92.0,144.0,168.0,123.0,70.0,313.0,172.0,171.0,6.0,3.8333333333333335,23.0,1403.4285714285713,1178.7666666666667,False,4.130434782608695
2026-04-02,29,0,23,6,2,4,5,2,2,4,7,3,3,목,1137.0,60.0,109.0,145.0,187.0,95.0,72.0,220.0,190.0,119.0,2.0,4.0,8.0,1426.4285714285713,1182.8333333333333,False,4.12
2026-04-03,27,2,22,5,4,3,4,2,1,4,6,3,4,금,1495.0,82.0,352.0,134.0,128.0,148.0,114.0,252.0,217.0,150.0,1.0,4.0,4.0,1414.142857142857,1202.7,False,4.0476190476190474
2026-04-04,27,1,22,5,4,4,4,2,1,4,5,3,5,토,1516.0,84.0,265.0,228.0,228.0,188.0,118.0,186.0,170.0,133.0,2.0,3.5,7.0,1336.5714285714287,1221.3666666666666,False,3.95
2026-04-05,29,2,24,5,4,4,4,2,2,4,5,4,6,일,1464.0,81.0,250.0,181.0,208.0,115.0,128.0,219.0,155.0,208.0,5.0,3.8,19.0,1326.142857142857,1235.0666666666666,False,3.9523809523809526
2026-04-06,29,1,24,5,4,4,4,2,2,4,5,4,0,월,1096.0,59.0,187.0,138.0,151.0,67.0,128.0,128.0,160.0,137.0,4.0,4.25,17.0,1312.0,1229.6,False,4.0
2026-04-07,26,1,22,4,3,4,4,2,2,2,5,4,1,화,960.0,53.0,159.0,135.0,143.0,106.0,124.0,65.0,110.0,118.0,1.0,4.0,4.0,1274.4285714285713,1214.8,False,3.9047619047619047
2026-04-08,24,1,20,4,3,4,3,2,2,1,4,5,2,수,884.0,49.0,159.0,130.0,122.0,78.0,76.0,35.0,107.0,177.0,3.0,4.0,12.0,1221.7142857142858,1210.4,False,3.9444444444444446
2026-04-09,24,0,20,4,3,4,3,2,2,1,4,5,3,목,845.0,47.0,88.0,151.0,143.0,94.0,80.0,28.0,86.0,175.0,0.0,,0.0,1180.0,1210.6333333333334,False,3.9375
2026-04-10,21,0,17,4,3,4,3,2,1,1,2,5,4,금,959.0,51.0,128.0,170.0,98.0,133.0,71.0,102.0,45.0,212.0,6.0,4.666666666666667,28.0,1103.4285714285713,1211.1,False,4.142857142857143
2026-04-11,24,3,20,4,3,4,3,2,2,1,4,5,5,토,1306.0,69.0,164.0,176.0,177.0,114.0,194.0,53.0,227.0,201.0,3.0,4.333333333333333,13.0,1073.4285714285713,1217.9666666666667,False,4.2272727272727275
2026-04-12,21,0,17,4,3,4,2,2,2,1,4,3,6,일,1141.0,61.0,175.0,159.0,67.0,107.0,178.0,82.0,226.0,147.0,1.0,4.0,4.0,1027.2857142857142,1215.6,False,4.333333333333333
2026-04-13,18,0,15,3,3,4,1,1,2,1,3,3,0,월,629.0,33.0,125.0,123.0,31.0,44.0,72.0,30.0,131.0,73.0,2.0,4.5,9.0,960.5714285714286,1184.9666666666667,False,4.375
2026-04-14,17,0,14,3,3,4,1,0,2,1,3,3,1,화,465.0,22.0,105.0,68.0,20.0,0.0,53.0,25.0,114.0,80.0,4.0,3.75,15.0,889.8571428571429,1153.6,False,4.2631578947368425
2026-04-15,15,0,14,1,3,3,1,0,2,1,3,2,2,수,459.0,23.0,105.0,77.0,23.0,0.0,53.0,41.0,97.0,63.0,1.0,4.0,4.0,829.1428571428571,1134.1666666666667,False,4.294117647058823
2026-04-16,14,1,13,1,3,3,1,0,2,1,2,2,3,목,562.0,29.0,118.0,112.0,111.0,0.0,48.0,50.0,74.0,49.0,2.0,3.5,7.0,788.7142857142857,1121.9333333333334,False,4.2105263157894735
2026-04-17,14,1,12,2,3,3,1,0,2,0,2,3,4,금,629.0,32.0,141.0,102.0,110.0,0.0,91.0,0.0,72.0,113.0,1.0,5.0,5.0,741.5714285714286,1109.4333333333334,False,4.071428571428571
2026-04-18,14,1,12,2,3,3,1,0,2,0,2,3,5,토,808.0,37.0,121.0,301.0,121.0,0.0,87.0,0.0,69.0,109.0,2.0,4.5,9.0,670.4285714285714,1098.3333333333333,False,4.076923076923077
2026-04-19,15,3,13,2,2,3,2,0,2,1,2,3,6,일,874.0,46.0,96.0,204.0,171.0,0.0,66.0,136.0,63.0,138.0,2.0,3.5,7.0,632.2857142857143,1084.5666666666666,False,4.0
2026-04-20,15,1,13,2,3,3,2,0,1,1,2,3,0,월,552.0,32.0,127.0,90.0,113.0,0.0,32.0,90.0,34.0,66.0,4.0,3.75,15.0,621.2857142857143,1055.6,False,3.875
2026-04-21,14,1,12,2,2,3,2,0,2,1,2,2,1,화,502.0,28.0,53.0,74.0,107.0,0.0,67.0,73.0,50.0,78.0,0.0,,0.0,626.5714285714286,1028.0333333333333,False,3.9166666666666665
2026-04-22,14,2,12,2,3,3,2,0,2,1,1,2,2,수,585.0,34.0,150.0,111.0,101.0,0.0,110.0,41.0,31.0,41.0,3.0,4.333333333333333,13.0,644.5714285714286,1015.1333333333333,False,4.0
2026-04-23,15,1,13,2,3,3,2,1,2,1,1,2,3,목,746.0,44.0,227.0,105.0,87.0,59.0,141.0,41.0,23.0,63.0,2.0,3.5,7.0,670.8571428571429,1010.0333333333333,False,4.0
2026-04-24,15,0,13,2,3,3,2,1,2,1,1,2,4,금,818.0,44.0,192.0,75.0,140.0,172.0,129.0,31.0,28.0,51.0,0.0,,0.0,697.8571428571429,1008.5333333333333,False,3.923076923076923
2026-04-25,17,2,15,2,3,4,2,1,2,1,2,2,5,토,1179.0,69.0,297.0,247.0,175.0,132.0,109.0,59.0,96.0,64.0,2.0,4.5,9.0,750.8571428571429,1015.3,False,3.923076923076923
2026-04-26,17,0,15,2,3,4,2,1,2,1,2,2,6,일,911.0,49.0,144.0,203.0,161.0,63.0,126.0,42.0,128.0,44.0,1.0,4.0,4.0,756.1428571428571,992.9666666666667,False,4.0
2026-04-27,17,1,15,2,3,3,3,1,2,1,2,2,0,월,574.0,30.0,119.0,96.0,116.0,30.0,53.0,33.0,83.0,44.0,1.0,4.0,4.0,759.2857142857143,943.4666666666667,False,4.111111111111111
2026-04-28,18,1,16,2,3,3,3,1,2,1,3,2,1,화,519.0,29.0,104.0,89.0,110.0,28.0,62.0,33.0,71.0,22.0,0.0,,0.0,761.7142857142857,909.5333333333333,False,4.111111111111111
2026-04-29,19,1,17,2,3,3,3,1,2,1,3,3,2,수,709.0,39.0,103.0,101.0,137.0,55.0,64.0,38.0,124.0,87.0,1.0,4.0,4.0,779.4285714285714,893.3333333333334,False,4.0
2026-04-30,19,1,17,2,4,3,3,1,2,1,3,2,3,목,826.0,46.0,270.0,106.0,133.0,24.0,65.0,35.0,86.0,107.0,2.0,4.5,9.0,790.8571428571429,880.1,False,4.285714285714286
2026-05-01,22,3,20,2,4,3,3,2,4,1,3,2,4,금,965.0,49.0,206.0,118.0,98.0,169.0,182.0,41.0,95.0,56.0,3.0,4.666666666666667,14.0,811.8571428571429,870.5,True,4.4
2026-05-02,23,2,21,2,4,4,3,2,4,1,3,2,5,토,1439.0,80.0,258.0,238.0,162.0,152.0,262.0,57.0,235.0,75.0,5.0,4.4,22.0,849.0,880.5666666666667,True,4.384615384615385
2026-05-03,25,3,23,2,4,4,2,3,4,1,3,4,6,일,1479.0,79.0,270.0,188.0,136.0,312.0,197.0,45.0,100.0,231.0,3.0,4.333333333333333,13.0,930.1428571428571,880.0333333333333,True,4.4
2026-05-04,24,4,22,2,5,4,2,2,4,0,4,3,0,월,1099.0,65.0,271.0,120.0,228.0,142.0,104.0,0.0,119.0,115.0,4.0,4.5,18.0,1005.1428571428571,866.1333333333333,True,4.444444444444445
2026-05-05,25,2,23,2,5,3,3,2,5,0,4,3,1,화,1004.0,56.0,163.0,119.0,178.0,148.0,193.0,0.0,101.0,102.0,1.0,4.0,4.0,1074.4285714285713,850.8,True,4.421052631578948
2026-05-06,29,4,26,3,6,4,4,2,5,0,5,3,2,수,1342.0,72.0,322.0,163.0,180.0,169.0,153.0,0.0,226.0,129.0,6.0,4.0,24.0,1164.857142857143,859.0,True,4.333333333333333
2026-05-07,30,1,27,3,6,5,4,2,5,0,5,3,3,목,1327.0,75.0,255.0,271.0,229.0,98.0,192.0,0.0,191.0,91.0,5.0,4.2,21.0,1236.4285714285713,871.2333333333333,True,4.296296296296297
2026-05-08,29,3,26,3,5,4,5,2,4,0,5,4,4,금,1722.0,98.0,339.0,225.0,413.0,89.0,267.0,0.0,189.0,200.0,1.0,4.0,4.0,1344.5714285714287,899.1666666666666,True,4.24
2026-05-09,32,3,29,3,5,4,5,3,4,0,6,5,5,토,2403.0,127.0,473.0,237.0,419.0,304.0,348.0,0.0,248.0,374.0,3.0,4.0,12.0,1482.2857142857142,951.1,True,4.173913043478261
2026-05-10,33,1,30,3,5,4,5,4,4,0,6,5,6,일,1926.0,109.0,245.0,185.0,480.0,416.0,146.0,0.0,229.0,225.0,2.0,4.0,8.0,1546.142857142857,983.3333333333334,True,4.136363636363637
2026-05-11,32,1,29,3,4,5,5,4,4,0,5,5,0,월,1138.0,60.0,149.0,201.0,235.0,202.0,103.0,0.0,129.0,119.0,4.0,4.25,17.0,1551.7142857142858,977.7333333333333,True,4.090909090909091
2026-05-12,33,3,29,4,4,4,6,5,4,0,5,5,1,화,1284.0,73.0,150.0,98.0,319.0,311.0,124.0,0.0,137.0,145.0,2.0,4.5,9.0,1591.7142857142858,982.5,True,4.130434782608695
2026-05-13,34,2,30,4,5,4,7,5,4,0,4,5,2,수,1559.0,84.0,240.0,153.0,375.0,342.0,152.0,0.0,129.0,168.0,2.0,4.5,9.0,1622.7142857142858,1013.5,True,4.2105263157894735
2026-05-14,31,0,27,4,5,4,6,5,4,0,4,3,3,목,1373.0,80.0,226.0,139.0,316.0,316.0,136.0,0.0,110.0,130.0,3.0,4.666666666666667,14.0,1629.2857142857142,1043.7666666666667,True,4.294117647058823
2026-05-15,31,2,28,3,5,4,6,5,5,0,3,3,4,금,1846.0,107.0,457.0,262.0,361.0,304.0,234.0,0.0,109.0,119.0,4.0,4.0,16.0,1647.0,1090.0,True,4.25
2026-05-16,31,2,28,3,6,4,5,5,4,0,3,4,5,토,2177.0,135.0,508.0,175.0,390.0,451.0,327.0,0.0,122.0,204.0,4.0,4.25,17.0,1614.7142857142858,1143.8333333333333,True,4.285714285714286
2026-05-17,27,1,25,2,5,3,4,4,3,0,3,5,6,일,1441.0,78.0,327.0,130.0,186.0,216.0,202.0,0.0,96.0,284.0,5.0,4.2,21.0,1545.4285714285713,1170.9,True,4.291666666666667
2026-05-18,28,2,26,2,5,2,4,5,3,0,4,5,0,월,1155.0,64.0,248.0,62.0,168.0,309.0,109.0,0.0,113.0,146.0,3.0,4.333333333333333,13.0,1547.857142857143,1182.4666666666667,True,4.304347826086956
2026-05-19,28,2,26,2,5,2,5,5,3,0,5,3,1,화,1110.0,71.0,207.0,63.0,186.0,281.0,86.0,0.0,141.0,146.0,6.0,4.166666666666667,25.0,1523.0,1190.3333333333333,True,4.2592592592592595
2026-05-20,28,2,26,2,5,2,4,4,3,0,7,3,2,수,1188.0,60.0,268.0,70.0,182.0,151.0,78.0,0.0,330.0,109.0,4.0,4.0,16.0,1470.0,1211.5333333333333,True,4.206896551724138
2026-05-21,32,5,29,3,5,2,5,4,4,0,7,5,3,목,1435.0,76.0,207.0,76.0,223.0,209.0,140.0,0.0,287.0,293.0,5.0,4.0,20.0,1478.857142857143,1242.6333333333334,True,4.129032258064516
2026-05-22,33,3,29,4,4,3,5,4,6,0,6,5,4,금,1607.0,82.0,171.0,155.0,205.0,250.0,350.0,0.0,238.0,238.0,1.0,4.0,4.0,1444.7142857142858,1276.7,True,4.142857142857143
2026-05-23,34,2,28,6,5,2,5,4,6,0,6,6,5,토,1922.0,93.0,260.0,181.0,196.0,290.0,348.0,0.0,312.0,335.0,2.0,4.5,9.0,1408.2857142857142,1315.9,True,4.153846153846154
2026-05-24,35,3,29,6,5,4,4,5,5,0,6,6,6,일,2043.0,121.0,283.0,261.0,220.0,492.0,253.0,0.0,233.0,301.0,3.0,3.6666666666666665,11.0,1494.2857142857142,1356.7333333333333,True,4.083333333333333
2026-05-25,35,3,29,6,4,4,5,6,5,0,5,6,0,월,1476.0,84.0,167.0,178.0,203.0,360.0,176.0,0.0,137.0,255.0,6.0,4.166666666666667,25.0,1540.142857142857,1366.6333333333334,True,4.074074074074074
2026-05-26,37,2,31,6,5,5,5,6,5,0,5,6,1,화,1573.0,97.0,359.0,215.0,174.0,335.0,168.0,0.0,151.0,171.0,5.0,4.0,20.0,1606.2857142857142,1388.7,True,4.038461538461538
2026-05-27,38,1,32,6,5,5,5,6,5,0,6,6,2,수,1386.0,78.0,232.0,201.0,177.0,264.0,173.0,0.0,178.0,161.0,5.0,4.2,21.0,1634.5714285714287,1415.7666666666667,True,4.074074074074074
2026-05-28,40,4,34,6,6,6,5,5,6,0,7,5,3,목,1792.0,100.0,279.0,308.0,255.0,305.0,204.0,0.0,239.0,202.0,3.0,3.3333333333333335,10.0,1685.5714285714287,1458.2,True,4.0
2026-05-29,39,2,33,6,6,7,5,4,6,0,6,5,4,금,2102.0,128.0,495.0,445.0,213.0,272.0,274.0,0.0,198.0,205.0,6.0,4.333333333333333,26.0,1756.2857142857142,1504.6333333333334,True,4.066666666666666
2026-05-30,39,2,33,6,6,7,5,5,6,0,5,5,5,토,2465.0,136.0,496.0,475.0,305.0,411.0,263.0,0.0,327.0,188.0,2.0,4.5,9.0,1833.857142857143,1559.2666666666667,True,4.066666666666666
2026-05-31,39,0,33,6,6,7,5,5,6,0,5,5,6,일,1944.0,108.0,426.0,385.0,261.0,287.0,191.0,0.0,176.0,218.0,5.0,4.2,21.0,1819.7142857142858,1591.9,True,4.125
2026-06-01,38,0,32,6,6,6,5,5,6,0,5,5,0,월,1412.0,83.0,276.0,212.0,182.0,323.0,176.0,0.0,132.0,111.0,5.0,4.2,21.0,1810.5714285714287,1591.0,True,4.129032258064516
2026-06-02,34,0,29,5,6,5,4,5,4,0,5,5,1,화,1025.0,53.0,252.0,119.0,120.0,177.0,123.0,0.0,120.0,114.0,5.0,3.8,19.0,1732.2857142857142,1575.8666666666666,True,4.096774193548387
2026-06-03,33,0,28,5,6,5,4,4,4,0,5,5,2,수,1001.0,56.0,180.0,178.0,110.0,189.0,99.0,0.0,130.0,115.0,6.0,4.333333333333333,26.0,1677.2857142857142,1572.6,True,4.125
2026-06-04,33,0,28,5,6,5,4,4,4,0,5,5,3,목,1121.0,66.0,232.0,131.0,120.0,237.0,137.0,0.0,148.0,116.0,7.0,3.857142857142857,27.0,1581.4285714285713,1576.5,True,4.138888888888889
2026-06-05,31,0,26,5,6,5,4,3,4,0,4,5,4,금,1096.0,65.0,259.0,198.0,148.0,160.0,103.0,0.0,93.0,135.0,5.0,4.6,23.0,1437.7142857142858,1568.3,True,4.171428571428572
2026-06-06,27,0,22,5,4,5,3,3,4,0,4,4,5,토,1230.0,69.0,173.0,198.0,217.0,215.0,180.0,0.0,128.0,119.0,2.0,3.5,7.0,1261.2857142857142,1565.0666666666666,True,4.114285714285714
2026-06-07,26,0,21,5,4,5,3,3,3,0,4,4,6,일,1025.0,56.0,143.0,165.0,110.0,163.0,126.0,0.0,140.0,178.0,5.0,3.8,19.0,1130.0,1541.8333333333333,True,4.057142857142857
2026-06-08,23,0,19,4,3,5,2,3,3,0,3,4,0,월,593.0,35.0,83.0,131.0,41.0,100.0,86.0,0.0,72.0,80.0,2.0,4.5,9.0,1013.0,1481.5,True,4.0625
2026-06-09,21,0,17,4,2,4,2,3,3,0,3,4,1,화,495.0,28.0,47.0,76.0,62.0,103.0,78.0,0.0,74.0,55.0,1.0,4.0,4.0,937.2857142857143,1433.8,True,4.107142857142857
2026-06-10,19,0,15,4,1,4,2,3,2,0,3,4,2,수,587.0,33.0,26.0,113.0,122.0,110.0,50.0,0.0,61.0,105.0,0.0,,0.0,878.1428571428571,1415.4333333333334,True,4.045454545454546
2026-06-11,15,0,12,3,1,4,2,2,1,0,3,2,3,목,423.0,26.0,23.0,118.0,71.0,96.0,24.0,0.0,62.0,29.0,2.0,3.5,7.0,778.4285714285714,1386.7333333333333,True,4.0588235294117645
2026-06-12,15,0,12,3,1,4,2,2,1,0,3,2,4,금,442.0,24.0,22.0,158.0,75.0,91.0,19.0,0.0,49.0,28.0,2.0,4.0,8.0,685.0,1349.5,True,3.857142857142857
2026-06-13,13,0,11,2,1,3,2,2,1,0,3,1,5,토,445.0,27.0,24.0,94.0,66.0,132.0,49.0,0.0,66.0,14.0,2.0,3.5,7.0,572.8571428571429,1318.5666666666666,True,3.857142857142857
2026-06-14,12,0,10,2,1,2,2,2,1,0,3,1,6,일,412.0,24.0,26.0,47.0,72.0,123.0,23.0,0.0,83.0,38.0,3.0,4.333333333333333,13.0,485.2857142857143,1270.7666666666667,True,4.0
2026-06-15,10,0,8,2,1,2,1,2,1,0,2,1,0,월,337.0,19.0,38.0,66.0,46.0,100.0,17.0,0.0,48.0,22.0,1.0,4.0,4.0,448.7142857142857,1209.4333333333334,True,3.909090909090909
2026-06-16,10,0,8,2,1,2,1,2,1,0,2,1,1,화,220.0,13.0,20.0,52.0,13.0,66.0,24.0,0.0,27.0,18.0,1.0,3.0,3.0,409.42857142857144,1168.7333333333333,True,3.8181818181818183
2026-06-17,9,0,7,2,1,2,1,2,1,0,1,1,2,수,271.0,14.0,23.0,68.0,24.0,101.0,10.0,0.0,23.0,22.0,2.0,4.5,9.0,364.2857142857143,1139.2666666666667,True,3.923076923076923
2026-06-18,9,0,7,2,1,2,1,2,1,0,1,1,3,목,239.0,16.0,25.0,50.0,60.0,59.0,15.0,0.0,20.0,10.0,1.0,4.0,4.0,338.0,1110.2333333333333,True,4.0
2026-06-19,7,0,6,1,1,1,1,1,1,0,1,1,4,금,254.0,15.0,32.0,60.0,38.0,51.0,36.0,0.0,16.0,21.0,1.0,5.0,5.0,311.14285714285717,1079.1,True,4.090909090909091
2026-06-20,5,0,4,1,1,1,1,0,1,0,1,0,5,토,165.0,9.0,52.0,35.0,27.0,0.0,24.0,0.0,27.0,0.0,1.0,4.0,4.0,271.14285714285717,1036.7666666666667,True,4.2
2026-06-21,4,0,3,1,1,0,1,0,1,0,1,0,6,일,172.0,9.0,37.0,0.0,50.0,0.0,70.0,0.0,15.0,0.0,3.0,3.3333333333333335,10.0,236.85714285714286,988.9333333333333,True,3.9
2026-06-22,4,0,3,1,1,0,1,0,1,0,1,0,0,월,105.0,6.0,40.0,0.0,27.0,0.0,23.0,0.0,15.0,0.0,1.0,3.0,3.0,203.71428571428572,928.3666666666667,True,3.8
2026-06-23,1,0,1,0,0,0,1,0,0,0,0,0,1,화,16.0,1.0,0.0,0.0,16.0,0.0,0.0,0.0,0.0,0.0,1.0,4.0,4.0,174.57142857142858,860.8,True,3.9
2026-06-24,1,0,1,0,0,0,1,0,0,0,0,0,2,수,33.0,2.0,0.0,0.0,33.0,0.0,0.0,0.0,0.0,0.0,1.0,4.0,4.0,140.57142857142858,812.7,True,3.7777777777777777
2026-06-25,0,0,0,0,0,0,0,0,0,0,0,0,3,목,0.0,0.0,0.0,0.0,0.0,0.0,0.0,0.0,0.0,0.0,0.0,,0.0,106.42857142857143,760.2666666666667,True,3.75
2026-06-26,0,0,0,0,0,0,0,0,0,0,0,0,4,금,0.0,0.0,0.0,0.0,0.0,0.0,0.0,0.0,0.0,0.0,0.0,,0.0,70.14285714285714,714.0666666666667,True,3.5714285714285716
2026-06-27,0,0,0,0,0,0,0,0,0,0,0,0,5,토,0.0,0.0,0.0,0.0,0.0,0.0,0.0,0.0,0.0,0.0,0.0,,0.0,46.57142857142857,654.3333333333334,True,3.5
2026-06-28,0,0,0,0,0,0,0,0,0,0,0,0,6,일,0.0,0.0,0.0,0.0,0.0,0.0,0.0,0.0,0.0,0.0,0.0,,0.0,22.0,584.2666666666667,True,3.6666666666666665
2026-06-29,0,0,0,0,0,0,0,0,0,0,0,0,0,월,0.0,0.0,0.0,0.0,0.0,0.0,0.0,0.0,0.0,0.0,0.0,,0.0,7.0,502.1,True,4.0
2026-06-30,0,0,0,0,0,0,0,0,0,0,0,0,1,화,0.0,0.0,0.0,0.0,0.0,0.0,0.0,0.0,0.0,0.0,0.0,,0.0,4.714285714285714,437.3,True,4.0
2026-07-01,7,7,6,1,2,0,0,4,0,1,0,0,2,수,554.0,44.0,114.0,0.0,0.0,364.0,0.0,76.0,0.0,0.0,0.0,,0.0,79.14285714285714,408.7,True,
2026-07-02,8,1,7,1,2,0,0,5,0,1,0,0,3,목,730.0,52.0,184.0,0.0,0.0,470.0,0.0,76.0,0.0,0.0,3.0,4.0,12.0,183.42857142857142,398.8666666666667,True,4.0
2026-07-03,8,0,7,1,2,0,0,5,0,1,0,0,4,금,771.0,66.0,108.0,0.0,0.0,600.0,0.0,63.0,0.0,0.0,4.0,4.25,17.0,293.57142857142856,391.2,True,4.142857142857143
2026-07-04,8,0,7,1,2,0,0,5,0,1,0,0,5,토,808.0,56.0,125.0,0.0,0.0,611.0,0.0,72.0,0.0,0.0,0.0,,0.0,409.0,380.76666666666665,True,4.142857142857143
2026-07-05,9,1,7,2,2,0,0,5,0,2,0,0,6,일,706.0,55.0,142.0,0.0,0.0,453.0,0.0,111.0,0.0,0.0,2.0,4.5,9.0,509.85714285714283,367.76666666666665,True,4.222222222222222
2026-07-06,10,1,8,2,2,1,0,5,0,2,0,0,0,월,655.0,47.0,85.0,77.0,0.0,349.0,0.0,144.0,0.0,0.0,1.0,5.0,5.0,603.4285714285714,348.6,True,4.3
2026-07-07,10,0,8,2,2,1,0,5,0,2,0,0,1,화,473.0,35.0,87.0,41.0,0.0,284.0,0.0,61.0,0.0,0.0,3.0,4.0,12.0,671.0,330.2,True,4.230769230769231
2026-07-08,11,1,9,2,2,1,0,5,0,3,0,0,2,수,478.0,30.0,73.0,54.0,0.0,210.0,0.0,141.0,0.0,0.0,1.0,3.0,3.0,660.1428571428571,326.3666666666667,True,4.142857142857143
2026-07-09,11,1,9,2,2,1,0,4,0,4,0,0,3,목,557.0,38.0,90.0,32.0,0.0,254.0,0.0,181.0,0.0,0.0,0.0,,0.0,635.4285714285714,328.43333333333334,True,4.181818181818182
2026-07-10,27,16,24,3,3,3,3,5,2,8,1,2,4,금,2252.0,130.0,289.0,245.0,358.0,354.0,151.0,559.0,82.0,214.0,0.0,,0.0,847.0,383.93333333333334,True,4.142857142857143
2026-07-11,28,1,25,3,3,3,3,6,2,8,1,2,5,토,2807.0,184.0,197.0,332.0,463.0,514.0,129.0,994.0,43.0,135.0,0.0,,0.0,1132.5714285714287,463.4,True,4.142857142857143
2026-07-12,27,0,24,3,3,3,3,5,2,8,1,2,6,일,2201.0,132.0,277.0,255.0,357.0,377.0,115.0,634.0,98.0,88.0,2.0,3.5,7.0,1346.142857142857,522.0333333333333,True,3.857142857142857
2026-07-13,26,0,23,3,3,2,3,5,2,8,1,2,0,월,1147.0,68.0,127.0,93.0,145.0,264.0,72.0,368.0,14.0,64.0,5.0,4.6,23.0,1416.4285714285713,545.4333333333333,True,4.090909090909091
2026-07-14,26,0,23,3,3,2,3,5,2,8,1,2,1,화,1102.0,66.0,116.0,71.0,154.0,226.0,61.0,342.0,46.0,86.0,3.0,4.333333333333333,13.0,1506.2857142857142,568.4333333333333,True,4.181818181818182
2026-07-15,41,16,36,5,5,4,5,6,3,10,4,4,2,수,1956.0,112.0,219.0,190.0,271.0,275.0,126.0,475.0,188.0,212.0,4.0,4.0,16.0,1717.4285714285713,622.4,True,4.214285714285714
2026-07-16,41,0,36,5,5,4,5,6,3,10,4,4,3,목,2053.0,126.0,323.0,164.0,284.0,342.0,92.0,496.0,191.0,161.0,7.0,4.142857142857143,29.0,1931.142857142857,683.5,True,4.190476190476191
2026-07-17,41,0,36,5,5,4,5,6,3,10,4,4,4,금,2146.0,131.0,277.0,222.0,296.0,306.0,143.0,545.0,207.0,150.0,8.0,3.875,31.0,1916.0,746.0,True,4.103448275862069
2026-07-18,41,0,36,5,5,4,5,6,3,10,4,4,5,토,2460.0,144.0,370.0,249.0,330.0,445.0,147.0,571.0,222.0,126.0,5.0,4.2,21.0,1866.4285714285713,820.0333333333333,True,4.117647058823529
2026-07-19,41,0,36,5,5,4,5,6,3,10,4,4,6,일,2067.0,127.0,246.0,169.0,231.0,293.0,160.0,684.0,108.0,176.0,5.0,4.2,21.0,1847.2857142857142,880.4666666666667,True,4.162162162162162
2026-07-20,56,15,48,8,7,6,7,7,5,13,6,5,0,월,2781.0,166.0,398.0,295.0,339.0,344.0,216.0,704.0,280.0,205.0,8.0,4.125,33.0,2080.714285714286,967.6666666666666,True,4.1
2026-07-21,40,0,33,7,6,4,4,6,3,9,5,3,1,화,1880.0,109.0,274.0,203.0,204.0,245.0,180.0,510.0,156.0,108.0,5.0,4.4,22.0,2191.8571428571427,1024.6,True,4.119047619047619
2026-07-22,40,0,33,7,6,4,4,6,3,9,5,3,2,수,1724.0,105.0,212.0,229.0,153.0,282.0,117.0,424.0,160.0,147.0,5.0,3.8,19.0,2158.714285714286,1078.5666666666666,True,4.093023255813954
2026-07-23,40,0,33,7,6,4,4,6,3,9,5,3,3,목,1874.0,118.0,254.0,193.0,158.0,262.0,169.0,561.0,149.0,128.0,5.0,4.0,20.0,2133.1428571428573,1140.5,True,4.073170731707317
2026-07-24,39,0,32,7,6,4,4,6,3,8,5,3,4,금,1915.0,112.0,270.0,220.0,169.0,320.0,178.0,438.0,194.0,126.0,11.0,3.8181818181818183,42.0,2100.1428571428573,1203.2333333333333,True,4.045454545454546
2026-07-25,39,0,32,7,6,4,4,6,3,8,5,3,5,토,2226.0,126.0,348.0,249.0,182.0,288.0,216.0,594.0,225.0,124.0,9.0,4.0,36.0,2066.714285714286,1277.4333333333334,True,4.020833333333333
2026-07-26,39,0,32,7,6,4,4,6,3,8,5,3,6,일,2206.0,143.0,389.0,194.0,195.0,396.0,133.0,604.0,154.0,141.0,2.0,4.5,9.0,2086.5714285714284,1350.9666666666667,True,4.022222222222222
2026-07-27,39,0,32,7,6,4,4,6,3,8,5,3,0,월,1210.0,73.0,188.0,80.0,120.0,234.0,106.0,254.0,147.0,81.0,4.0,4.0,16.0,1862.142857142857,1391.3,True,4.0
2026-07-28,39,0,32,7,6,4,4,6,3,8,5,3,1,화,1355.0,86.0,235.0,106.0,147.0,247.0,63.0,376.0,97.0,84.0,5.0,4.4,22.0,1787.142857142857,1436.4666666666667,True,4.0
2026-07-29,39,0,32,7,6,4,4,6,3,8,5,3,2,수,1245.0,75.0,175.0,83.0,167.0,225.0,114.0,288.0,134.0,59.0,3.0,4.333333333333333,13.0,1718.7142857142858,1477.9666666666667,True,4.051282051282051
2026-07-30,39,0,32,7,6,4,4,6,3,8,5,3,3,목,1181.0,70.0,150.0,118.0,120.0,294.0,71.0,245.0,132.0,51.0,3.0,3.6666666666666665,11.0,1619.7142857142858,1517.3333333333333,True,4.027027027027027
2026-07-31,39,0,32,7,6,4,4,6,3,8,5,3,4,금,1534.0,97.0,224.0,166.0,179.0,288.0,90.0,334.0,142.0,111.0,5.0,3.8,19.0,1565.2857142857142,1550.0,True,4.064516129032258
2026-08-01,30,15,27,3,3,4,4,2,5,5,4,3,5,토,2447.0,146.0,196.0,353.0,291.0,390.0,389.0,384.0,231.0,213.0,8.0,4.0,32.0,1596.857142857143,1607.2333333333333,True,4.066666666666666
2026-08-02,30,0,27,3,3,4,4,2,5,5,4,3,6,일,2202.0,129.0,204.0,368.0,211.0,317.0,281.0,389.0,280.0,152.0,4.0,4.25,17.0,1596.2857142857142,1654.9333333333334,True,4.0625
2026-08-03,30,0,27,3,3,4,4,2,5,5,4,3,0,월,1395.0,87.0,208.0,234.0,189.0,170.0,161.0,203.0,141.0,89.0,5.0,4.2,21.0,1622.7142857142858,1674.5,True,4.090909090909091
2026-08-04,30,0,27,3,3,4,4,2,5,5,4,3,1,화,1125.0,61.0,157.0,160.0,130.0,117.0,153.0,188.0,116.0,104.0,5.0,4.0,20.0,1589.857142857143,1688.4666666666667,True,4.03030303030303
2026-08-05,45,15,39,6,5,5,5,2,7,9,6,6,2,수,2189.0,120.0,292.0,258.0,220.0,72.0,289.0,509.0,190.0,359.0,6.0,4.166666666666667,25.0,1724.7142857142858,1739.6,True,4.027777777777778
2026-08-06,30,0,27,3,3,3,3,1,5,6,4,5,3,목,1767.0,95.0,270.0,186.0,134.0,29.0,183.0,475.0,240.0,250.0,7.0,3.857142857142857,27.0,1808.4285714285713,1782.7333333333333,True,4.025
2026-08-07,30,0,27,3,3,3,3,1,5,6,4,5,4,금,1894.0,102.0,234.0,181.0,209.0,96.0,259.0,545.0,156.0,214.0,6.0,4.333333333333333,26.0,1859.857142857143,1829.9333333333334,True,4.097560975609756
2026-08-08,30,0,27,3,3,3,3,1,5,6,4,5,5,토,1731.0,92.0,190.0,214.0,134.0,56.0,254.0,417.0,179.0,287.0,8.0,4.25,34.0,1757.5714285714287,1869.0666666666666,True,4.146341463414634
2026-08-09,30,0,27,3,3,3,3,1,5,6,4,5,6,일,1809.0,102.0,153.0,155.0,172.0,184.0,242.0,365.0,240.0,298.0,5.0,4.0,20.0,1701.4285714285713,1854.3,True,4.119047619047619
2026-08-10,30,0,27,3,3,3,3,1,5,6,4,5,0,월,1051.0,59.0,76.0,104.0,106.0,28.0,144.0,358.0,108.0,127.0,5.0,4.0,20.0,1652.2857142857142,1795.7666666666667,True,4.095238095238095
2026-08-11,30,0,27,3,3,3,3,1,5,6,4,5,1,화,1057.0,56.0,72.0,111.0,107.0,55.0,142.0,317.0,145.0,108.0,0.0,,0.0,1642.5714285714287,1757.6333333333334,True,4.108108108108108
2026-08-12,30,0,27,3,3,3,3,1,5,6,4,5,2,수,938.0,57.0,86.0,72.0,107.0,46.0,141.0,274.0,70.0,142.0,1.0,5.0,5.0,1463.857142857143,1750.6666666666667,True,4.125
2026-08-13,30,0,27,3,3,3,3,1,5,6,4,5,3,목,851.0,49.0,67.0,86.0,103.0,28.0,133.0,211.0,89.0,134.0,4.0,3.75,15.0,1333.0,1742.3,True,4.137931034482759
2026-08-14,30,0,27,3,3,3,3,1,5,6,4,5,4,금,1268.0,68.0,118.0,132.0,143.0,56.0,148.0,310.0,216.0,145.0,1.0,4.0,4.0,1243.5714285714287,1719.3666666666666,True,4.083333333333333
2026-08-15,30,0,27,3,3,3,3,1,5,6,4,5,5,토,1262.0,73.0,184.0,155.0,109.0,48.0,115.0,340.0,137.0,174.0,2.0,4.0,8.0,1176.5714285714287,1693.0,True,4.0
2026-08-16,15,0,12,3,2,1,1,0,2,4,2,3,6,일,647.0,35.0,120.0,72.0,31.0,0.0,43.0,232.0,47.0,102.0,3.0,4.0,12.0,1010.5714285714286,1643.0333333333333,True,4.0
2026-08-17,15,0,12,3,2,1,1,0,2,4,2,3,0,월,454.0,25.0,53.0,30.0,20.0,0.0,36.0,154.0,76.0,85.0,6.0,4.5,27.0,925.2857142857143,1576.1666666666667,True,4.176470588235294
2026-08-18,15,0,12,3,2,1,1,0,2,4,2,3,1,화,340.0,20.0,42.0,24.0,13.0,0.0,34.0,112.0,65.0,50.0,2.0,3.5,7.0,822.8571428571429,1518.6,True,4.105263157894737
2026-08-19,15,0,12,3,2,1,1,0,2,4,2,3,2,수,358.0,20.0,35.0,25.0,37.0,0.0,43.0,106.0,36.0,76.0,2.0,3.5,7.0,740.0,1437.8333333333333,True,4.0
2026-08-20,15,0,12,3,2,1,1,0,2,4,2,3,3,목,378.0,22.0,69.0,34.0,26.0,0.0,35.0,131.0,40.0,43.0,2.0,4.0,8.0,672.4285714285714,1387.7666666666667,True,4.055555555555555
